system,dim,observable,series,time,mean,std
spin_chain,4,energy,reference,0,-1,
spin_chain,4,energy,reference,0.0632911,-1.01777199,
spin_chain,4,energy,reference,0.126582,-1.03440789,
spin_chain,4,energy,reference,0.189873,-1.04998033,
spin_chain,4,energy,reference,0.253165,-1.06455728,
spin_chain,4,energy,reference,0.316456,-1.0782024,
spin_chain,4,energy,reference,0.379747,-1.09097524,
spin_chain,4,energy,reference,0.443038,-1.10293157,
spin_chain,4,energy,reference,0.506329,-1.11412358,
spin_chain,4,energy,reference,0.56962,-1.12460013,
spin_chain,4,energy,reference,0.632911,-1.13440697,
spin_chain,4,energy,reference,0.696203,-1.14358689,
spin_chain,4,energy,reference,0.759494,-1.15217998,
spin_chain,4,energy,reference,0.822785,-1.16022375,
spin_chain,4,energy,reference,0.886076,-1.16775332,
spin_chain,4,energy,reference,0.949367,-1.17480155,
spin_chain,4,energy,reference,1.01266,-1.18139922,
spin_chain,4,energy,reference,1.07595,-1.18757513,
spin_chain,4,energy,reference,1.13924,-1.19335624,
spin_chain,4,energy,reference,1.20253,-1.19876778,
spin_chain,4,energy,reference,1.26582,-1.2038334,
spin_chain,4,energy,reference,1.32911,-1.20857518,
spin_chain,4,energy,reference,1.39241,-1.21301385,
spin_chain,4,energy,reference,1.4557,-1.21716877,
spin_chain,4,energy,reference,1.51899,-1.22105808,
spin_chain,4,energy,reference,1.58228,-1.22469877,
spin_chain,4,energy,reference,1.64557,-1.22810672,
spin_chain,4,energy,reference,1.70886,-1.23129682,
spin_chain,4,energy,reference,1.77215,-1.23428299,
spin_chain,4,energy,reference,1.83544,-1.23707826,
spin_chain,4,energy,reference,1.89873,-1.23969485,
spin_chain,4,energy,reference,1.96203,-1.24214417,
spin_chain,4,energy,reference,2.02532,-1.24443691,
spin_chain,4,energy,reference,2.08861,-1.24658309,
spin_chain,4,energy,reference,2.1519,-1.24859207,
spin_chain,4,energy,reference,2.21519,-1.25047263,
spin_chain,4,energy,reference,2.27848,-1.25223297,
spin_chain,4,energy,reference,2.34177,-1.25388078,
spin_chain,4,energy,reference,2.40506,-1.25542325,
spin_chain,4,energy,reference,2.46835,-1.25686712,
spin_chain,4,energy,reference,2.53165,-1.25821868,
spin_chain,4,energy,reference,2.59494,-1.25948385,
spin_chain,4,energy,reference,2.65823,-1.26066814,
spin_chain,4,energy,reference,2.72152,-1.26177673,
spin_chain,4,energy,reference,2.78481,-1.26281445,
spin_chain,4,energy,reference,2.8481,-1.26378583,
spin_chain,4,energy,reference,2.91139,-1.26469511,
spin_chain,4,energy,reference,2.97468,-1.26554627,
spin_chain,4,energy,reference,3.03797,-1.26634301,
spin_chain,4,energy,reference,3.10127,-1.26708883,
spin_chain,4,energy,reference,3.16456,-1.26778697,
spin_chain,4,energy,reference,3.22785,-1.26844047,
spin_chain,4,energy,reference,3.29114,-1.26905221,
spin_chain,4,energy,reference,3.35443,-1.26962483,
spin_chain,4,energy,reference,3.41772,-1.27016086,
spin_chain,4,energy,reference,3.48101,-1.27066261,
spin_chain,4,energy,reference,3.5443,-1.27113229,
spin_chain,4,energy,reference,3.60759,-1.27157195,
spin_chain,4,energy,reference,3.67089,-1.2719835,
spin_chain,4,energy,reference,3.73418,-1.27236874,
spin_chain,4,energy,reference,3.79747,-1.27272936,
spin_chain,4,energy,reference,3.86076,-1.27306692,
spin_chain,4,energy,reference,3.92405,-1.2733829,
spin_chain,4,energy,reference,3.98734,-1.27367869,
spin_chain,4,energy,reference,4.05063,-1.27395556,
spin_chain,4,energy,reference,4.11392,-1.27421474,
spin_chain,4,energy,reference,4.17722,-1.27445735,
spin_chain,4,energy,reference,4.24051,-1.27468445,
spin_chain,4,energy,reference,4.3038,-1.27489703,
spin_chain,4,energy,reference,4.36709,-1.27509602,
spin_chain,4,energy,reference,4.43038,-1.27528229,
spin_chain,4,energy,reference,4.49367,-1.27545666,
spin_chain,4,energy,reference,4.55696,-1.27561988,
spin_chain,4,energy,reference,4.62025,-1.27577266,
spin_chain,4,energy,reference,4.68354,-1.27591568,
spin_chain,4,energy,reference,4.74684,-1.27604955,
spin_chain,4,energy,reference,4.81013,-1.27617487,
spin_chain,4,energy,reference,4.87342,-1.27629217,
spin_chain,4,energy,reference,4.93671,-1.27640198,
spin_chain,4,energy,reference,5,-1.27650477,
spin_chain,4,energy,SLB M=1,0,-1,0
spin_chain,4,energy,SLB M=1,0.0632911,-1.02400548,0.007734735264
spin_chain,4,energy,SLB M=1,0.126582,-1.046014693,0.01488772114
spin_chain,4,energy,SLB M=1,0.189873,-1.065884782,0.02225310962
spin_chain,4,energy,SLB M=1,0.253165,-1.083550992,0.03007565615
spin_chain,4,energy,SLB M=1,0.316456,-1.099019783,0.03820221702
spin_chain,4,energy,SLB M=1,0.379747,-1.112359955,0.04628362193
spin_chain,4,energy,SLB M=1,0.443038,-1.12369246,0.05391995008
spin_chain,4,energy,SLB M=1,0.506329,-1.133179442,0.06074155871
spin_chain,4,energy,SLB M=1,0.56962,-1.141013165,0.06644819132
spin_chain,4,energy,SLB M=1,0.632911,-1.147405165,0.07082461595
spin_chain,4,energy,SLB M=1,0.696203,-1.152576213,0.07374332887
spin_chain,4,energy,SLB M=1,0.759494,-1.156747175,0.07515984087
spin_chain,4,energy,SLB M=1,0.822785,-1.160131213,0.0751037141
spin_chain,4,energy,SLB M=1,0.886076,-1.16292728,0.073667035
spin_chain,4,energy,SLB M=1,0.949367,-1.16531516,0.07099165653
spin_chain,4,energy,SLB M=1,1.01266,-1.167451822,0.06725609042
spin_chain,4,energy,SLB M=1,1.07595,-1.169469287,0.06266271589
spin_chain,4,energy,SLB M=1,1.13924,-1.171473678,0.0574258286
spin_chain,4,energy,SLB M=1,1.20253,-1.173545417,0.05176097329
spin_chain,4,energy,SLB M=1,1.26582,-1.175740425,0.04587577386
spin_chain,4,energy,SLB M=1,1.32911,-1.178092032,0.03996245159
spin_chain,4,energy,SLB M=1,1.39241,-1.180613543,0.03419216176
spin_chain,4,energy,SLB M=1,1.4557,-1.183301142,0.02871111866
spin_chain,4,energy,SLB M=1,1.51899,-1.18613708,0.02363851601
spin_chain,4,energy,SLB M=1,1.58228,-1.189092898,0.01906617907
spin_chain,4,energy,SLB M=1,1.64557,-1.19213259,0.01505998941
spin_chain,4,energy,SLB M=1,1.70886,-1.195215595,0.01166302637
spin_chain,4,energy,SLB M=1,1.77215,-1.198299495,0.008900081874
spin_chain,4,energy,SLB M=1,1.83544,-1.201342375,0.006781833757
spin_chain,4,energy,SLB M=1,1.89873,-1.20430481,0.005301809613
spin_chain,4,energy,SLB M=1,1.96203,-1.207151408,0.004414659685
spin_chain,4,energy,SLB M=1,2.02532,-1.209852,0.004006405353
spin_chain,4,energy,SLB M=1,2.08861,-1.21238234,0.003914450197
spin_chain,4,energy,SLB M=1,2.1519,-1.214724563,0.003999464215
spin_chain,4,energy,SLB M=1,2.21519,-1.21686718,0.004182891127
spin_chain,4,energy,SLB M=1,2.27848,-1.2188049,0.004430740751
spin_chain,4,energy,SLB M=1,2.34177,-1.22053813,0.004725298839
spin_chain,4,energy,SLB M=1,2.40506,-1.222072388,0.005048244787
spin_chain,4,energy,SLB M=1,2.46835,-1.223417492,0.005376237154
spin_chain,4,energy,SLB M=1,2.53165,-1.224586755,0.005683299681
spin_chain,4,energy,SLB M=1,2.59494,-1.225596097,0.005944851793
spin_chain,4,energy,SLB M=1,2.65823,-1.226463207,0.00614096797
spin_chain,4,energy,SLB M=1,2.72152,-1.22720669,0.006258162362
spin_chain,4,energy,SLB M=1,2.78481,-1.22784536,0.006290025206
spin_chain,4,energy,SLB M=1,2.8481,-1.22839757,0.006237060076
spin_chain,4,energy,SLB M=1,2.91139,-1.22888065,0.006106102057
spin_chain,4,energy,SLB M=1,2.97468,-1.2293105,0.005909476325
spin_chain,4,energy,SLB M=1,3.03797,-1.229701238,0.005664011618
spin_chain,4,energy,SLB M=1,3.10127,-1.230065008,0.00538997036
spin_chain,4,energy,SLB M=1,3.16456,-1.23041187,0.005109702991
spin_chain,4,energy,SLB M=1,3.22785,-1.230749775,0.004846021404
spin_chain,4,energy,SLB M=1,3.29114,-1.231084655,0.00461993736
spin_chain,4,energy,SLB M=1,3.35443,-1.23142053,0.004448028261
spin_chain,4,energy,SLB M=1,3.41772,-1.23175972,0.004339782921
spin_chain,4,energy,SLB M=1,3.48101,-1.232103045,0.004296069816
spin_chain,4,energy,SLB M=1,3.5443,-1.232450102,0.004309650732
spin_chain,4,energy,SLB M=1,3.60759,-1.232799495,0.004367627963
spin_chain,4,energy,SLB M=1,3.67089,-1.233149093,0.00445479971
spin_chain,4,energy,SLB M=1,3.73418,-1.233496292,0.004556557532
spin_chain,4,energy,SLB M=1,3.79747,-1.23383823,0.004660710049
spin_chain,4,energy,SLB M=1,3.86076,-1.234171985,0.00475823276
spin_chain,4,energy,SLB M=1,3.92405,-1.234494745,0.004843234044
spin_chain,4,energy,SLB M=1,3.98734,-1.234803945,0.004912587136
spin_chain,4,energy,SLB M=1,4.05063,-1.235097385,0.004965361642
spin_chain,4,energy,SLB M=1,4.11392,-1.23537328,0.005002247742
spin_chain,4,energy,SLB M=1,4.17722,-1.235630328,0.005025056616
spin_chain,4,energy,SLB M=1,4.24051,-1.235867712,0.005036252339
spin_chain,4,energy,SLB M=1,4.3038,-1.23608509,0.005038599761
spin_chain,4,energy,SLB M=1,4.36709,-1.236282567,0.005034886835
spin_chain,4,energy,SLB M=1,4.43038,-1.236460673,0.005027720357
spin_chain,4,energy,SLB M=1,4.49367,-1.236620267,0.005019400126
spin_chain,4,energy,SLB M=1,4.55696,-1.236762507,0.005011823458
spin_chain,4,energy,SLB M=1,4.62025,-1.23688877,0.00500650908
spin_chain,4,energy,SLB M=1,4.68354,-1.237000593,0.005004549275
spin_chain,4,energy,SLB M=1,4.74684,-1.237099585,0.005006682615
spin_chain,4,energy,SLB M=1,4.81013,-1.237187388,0.005013304828
spin_chain,4,energy,SLB M=1,4.87342,-1.237265625,0.005024539916
spin_chain,4,energy,SLB M=1,4.93671,-1.237335837,0.005040271981
spin_chain,4,energy,SLB M=1,5,-1.237399458,0.005060179644
spin_chain,4,energy,SLB M=2,0,-1,0
spin_chain,4,energy,SLB M=2,0.0632911,-1.02159301,0.005541942324
spin_chain,4,energy,SLB M=2,0.126582,-1.042070548,0.01100039988
spin_chain,4,energy,SLB M=2,0.189873,-1.061272643,0.01606741473
spin_chain,4,energy,SLB M=2,0.253165,-1.07908159,0.02049927478
spin_chain,4,energy,SLB M=2,0.316456,-1.095422722,0.02411802208
spin_chain,4,energy,SLB M=2,0.379747,-1.11026318,0.02680963075
spin_chain,4,energy,SLB M=2,0.443038,-1.123609035,0.02851957553
spin_chain,4,energy,SLB M=2,0.506329,-1.135501138,0.02924658809
spin_chain,4,energy,SLB M=2,0.56962,-1.146010048,0.02903523676
spin_chain,4,energy,SLB M=2,0.632911,-1.155230375,0.02796793
spin_chain,4,energy,SLB M=2,0.696203,-1.16327485,0.0261568991
spin_chain,4,energy,SLB M=2,0.759494,-1.17026847,0.02373690635
spin_chain,4,energy,SLB M=2,0.822785,-1.17634287,0.02085961864
spin_chain,4,energy,SLB M=2,0.886076,-1.181631155,0.01769135296
spin_chain,4,energy,SLB M=2,0.949367,-1.18626339,0.01441820488
spin_chain,4,energy,SLB M=2,1.01266,-1.190362725,0.01126856087
spin_chain,4,energy,SLB M=2,1.07595,-1.194042368,0.00857581627
spin_chain,4,energy,SLB M=2,1.13924,-1.197403277,0.006879564377
spin_chain,4,energy,SLB M=2,1.20253,-1.20053268,0.006729542848
spin_chain,4,energy,SLB M=2,1.26582,-1.203503257,0.007905438441
spin_chain,4,energy,SLB M=2,1.32911,-1.206373048,0.009648818998
spin_chain,4,energy,SLB M=2,1.39241,-1.209185843,0.01145236107
spin_chain,4,energy,SLB M=2,1.4557,-1.21197214,0.01308831915
spin_chain,4,energy,SLB M=2,1.51899,-1.214750387,0.01446379226
spin_chain,4,energy,SLB M=2,1.58228,-1.217528535,0.0155482376
spin_chain,4,energy,SLB M=2,1.64557,-1.220305765,0.01634344605
spin_chain,4,energy,SLB M=2,1.70886,-1.223074255,0.01686980119
spin_chain,4,energy,SLB M=2,1.77215,-1.225820972,0.01715884149
spin_chain,4,energy,SLB M=2,1.83544,-1.22852939,0.01724847399
spin_chain,4,energy,SLB M=2,1.89873,-1.231181057,0.01717963366
spin_chain,4,energy,SLB M=2,1.96203,-1.233756993,0.01699360821
spin_chain,4,energy,SLB M=2,2.02532,-1.23623889,0.01673006965
spin_chain,4,energy,SLB M=2,2.08861,-1.2386101,0.01642546975
spin_chain,4,energy,SLB M=2,2.1519,-1.240856362,0.01611188484
spin_chain,4,energy,SLB M=2,2.21519,-1.24296633,0.01581628132
spin_chain,4,energy,SLB M=2,2.27848,-1.244931893,0.01556008657
spin_chain,4,energy,SLB M=2,2.34177,-1.246748262,0.01535910967
spin_chain,4,energy,SLB M=2,2.40506,-1.24841396,0.01522378121
spin_chain,4,energy,SLB M=2,2.46835,-1.249930588,0.01515956801
spin_chain,4,energy,SLB M=2,2.53165,-1.251302542,0.01516758738
spin_chain,4,energy,SLB M=2,2.59494,-1.252536622,0.01524531071
spin_chain,4,energy,SLB M=2,2.65823,-1.253641597,0.01538729232
spin_chain,4,energy,SLB M=2,2.72152,-1.254627705,0.01558585543
spin_chain,4,energy,SLB M=2,2.78481,-1.255506223,0.01583178217
spin_chain,4,energy,SLB M=2,2.8481,-1.256288985,0.01611492247
spin_chain,4,energy,SLB M=2,2.91139,-1.25698796,0.01642473345
spin_chain,4,energy,SLB M=2,2.97468,-1.257614882,0.01675073893
spin_chain,4,energy,SLB M=2,3.03797,-1.258180938,0.01708297505
spin_chain,4,energy,SLB M=2,3.10127,-1.258696478,0.0174122825
spin_chain,4,energy,SLB M=2,3.16456,-1.259170855,0.01773060847
spin_chain,4,energy,SLB M=2,3.22785,-1.259612273,0.0180311616
spin_chain,4,energy,SLB M=2,3.29114,-1.260027718,0.01830853607
spin_chain,4,energy,SLB M=2,3.35443,-1.26042292,0.01855874949
spin_chain,4,energy,SLB M=2,3.41772,-1.260802428,0.01877922155
spin_chain,4,energy,SLB M=2,3.48101,-1.261169615,0.01896871399
spin_chain,4,energy,SLB M=2,3.5443,-1.26152683,0.01912717911
spin_chain,4,energy,SLB M=2,3.60759,-1.26187549,0.01925562064
spin_chain,4,energy,SLB M=2,3.67089,-1.262216235,0.01935594197
spin_chain,4,energy,SLB M=2,3.73418,-1.262549065,0.0194307014
spin_chain,4,energy,SLB M=2,3.79747,-1.262873495,0.01948298386
spin_chain,4,energy,SLB M=2,3.86076,-1.263188685,0.01951617424
spin_chain,4,energy,SLB M=2,3.92405,-1.263493587,0.01953378762
spin_chain,4,energy,SLB M=2,3.98734,-1.263787058,0.01953934796
spin_chain,4,energy,SLB M=2,4.05063,-1.264067953,0.01953620592
spin_chain,4,energy,SLB M=2,4.11392,-1.264335233,0.01952748398
spin_chain,4,energy,SLB M=2,4.17722,-1.26458801,0.01951594826
spin_chain,4,energy,SLB M=2,4.24051,-1.264825598,0.01950398593
spin_chain,4,energy,SLB M=2,4.3038,-1.265047557,0.01949355117
spin_chain,4,energy,SLB M=2,4.36709,-1.265253688,0.0194861689
spin_chain,4,energy,SLB M=2,4.43038,-1.26544406,0.0194829279
spin_chain,4,energy,SLB M=2,4.49367,-1.26561897,0.01948451261
spin_chain,4,energy,SLB M=2,4.55696,-1.265778927,0.01949125206
spin_chain,4,energy,SLB M=2,4.62025,-1.26592464,0.01950312822
spin_chain,4,energy,SLB M=2,4.68354,-1.266056972,0.01951987613
spin_chain,4,energy,SLB M=2,4.74684,-1.266176895,0.01954099547
spin_chain,4,energy,SLB M=2,4.81013,-1.266285475,0.01956583891
spin_chain,4,energy,SLB M=2,4.87342,-1.26638381,0.01959363987
spin_chain,4,energy,SLB M=2,4.93671,-1.26647301,0.01962358088
spin_chain,4,energy,SLB M=2,5,-1.26655417,0.01965482131
spin_chain,4,energy,SLB M=3,0,-1,0
spin_chain,4,energy,SLB M=3,0.0632911,-1.017767312,0.005458233519
spin_chain,4,energy,SLB M=3,0.126582,-1.035132085,0.01032803457
spin_chain,4,energy,SLB M=3,0.189873,-1.051953432,0.01473411797
spin_chain,4,energy,SLB M=3,0.253165,-1.06810034,0.01872121381
spin_chain,4,energy,SLB M=3,0.316456,-1.083457623,0.02227672365
spin_chain,4,energy,SLB M=3,0.379747,-1.097930303,0.02535576575
spin_chain,4,energy,SLB M=3,0.443038,-1.11144633,0.0279030419
spin_chain,4,energy,SLB M=3,0.506329,-1.123957972,0.0298692088
spin_chain,4,energy,SLB M=3,0.56962,-1.135441835,0.03122156188
spin_chain,4,energy,SLB M=3,0.632911,-1.145897825,0.03194980605
spin_chain,4,energy,SLB M=3,0.696203,-1.155347205,0.03206818511
spin_chain,4,energy,SLB M=3,0.759494,-1.163829992,0.03161489456
spin_chain,4,energy,SLB M=3,0.822785,-1.17140187,0.03064973222
spin_chain,4,energy,SLB M=3,0.886076,-1.178130818,0.02925073254
spin_chain,4,energy,SLB M=3,0.949367,-1.184093675,0.02751025108
spin_chain,4,energy,SLB M=3,1.01266,-1.189372745,0.02553093601
spin_chain,4,energy,SLB M=3,1.07595,-1.194052615,0.02342180606
spin_chain,4,energy,SLB M=3,1.13924,-1.198217275,0.02129426385
spin_chain,4,energy,SLB M=3,1.20253,-1.201947603,0.01925768969
spin_chain,4,energy,SLB M=3,1.26582,-1.205319297,0.01741350237
spin_chain,4,energy,SLB M=3,1.32911,-1.208401275,0.01584645368
spin_chain,4,energy,SLB M=3,1.39241,-1.211254498,0.01461278766
spin_chain,4,energy,SLB M=3,1.4557,-1.213931268,0.01372817059
spin_chain,4,energy,SLB M=3,1.51899,-1.216474937,0.01316265089
spin_chain,4,energy,SLB M=3,1.58228,-1.218919977,0.01284882993
spin_chain,4,energy,SLB M=3,1.64557,-1.221292362,0.01270132866
spin_chain,4,energy,SLB M=3,1.70886,-1.223610205,0.01263766705
spin_chain,4,energy,SLB M=3,1.77215,-1.225884618,0.01259201287
spin_chain,4,energy,SLB M=3,1.83544,-1.22812066,0.01252019025
spin_chain,4,energy,SLB M=3,1.89873,-1.23031842,0.01239870331
spin_chain,4,energy,SLB M=3,1.96203,-1.232474068,0.01222100825
spin_chain,4,energy,SLB M=3,2.02532,-1.234580935,0.01199321188
spin_chain,4,energy,SLB M=3,2.08861,-1.236630518,0.01172999892
spin_chain,4,energy,SLB M=3,2.1519,-1.238613372,0.01145103276
spin_chain,4,energy,SLB M=3,2.21519,-1.240519935,0.01117796216
spin_chain,4,energy,SLB M=3,2.27848,-1.24234119,0.01093176126
spin_chain,4,energy,SLB M=3,2.34177,-1.244069202,0.0107306112
spin_chain,4,energy,SLB M=3,2.40506,-1.24569752,0.01058826368
spin_chain,4,energy,SLB M=3,2.46835,-1.247221452,0.01051307765
spin_chain,4,energy,SLB M=3,2.53165,-1.248638207,0.01050782151
spin_chain,4,energy,SLB M=3,2.59494,-1.249946917,0.01057022817
spin_chain,4,energy,SLB M=3,2.65823,-1.2511486,0.01069410041
spin_chain,4,energy,SLB M=3,2.72152,-1.252245993,0.01087061901
spin_chain,4,energy,SLB M=3,2.78481,-1.253243365,0.01108965734
spin_chain,4,energy,SLB M=3,2.8481,-1.254146277,0.01134077308
spin_chain,4,energy,SLB M=3,2.91139,-1.254961307,0.01161394844
spin_chain,4,energy,SLB M=3,2.97468,-1.255695757,0.01189993425
spin_chain,4,energy,SLB M=3,3.03797,-1.25635738,0.01219049831
spin_chain,4,energy,SLB M=3,3.10127,-1.256954115,0.01247843281
spin_chain,4,energy,SLB M=3,3.16456,-1.257493855,0.01275756664
spin_chain,4,energy,SLB M=3,3.22785,-1.257984205,0.01302272896
spin_chain,4,energy,SLB M=3,3.29114,-1.25843234,0.01326973381
spin_chain,4,energy,SLB M=3,3.35443,-1.258844835,0.01349533507
spin_chain,4,energy,SLB M=3,3.41772,-1.25922758,0.01369723111
spin_chain,4,energy,SLB M=3,3.48101,-1.259585712,0.01387401761
spin_chain,4,energy,SLB M=3,3.5443,-1.259923582,0.01402515265
spin_chain,4,energy,SLB M=3,3.60759,-1.260244767,0.01415090369
spin_chain,4,energy,SLB M=3,3.67089,-1.260552085,0.01425227759
spin_chain,4,energy,SLB M=3,3.73418,-1.260847655,0.01433090262
spin_chain,4,energy,SLB M=3,3.79747,-1.26113297,0.01438893631
spin_chain,4,energy,SLB M=3,3.86076,-1.261408965,0.01442892136
spin_chain,4,energy,SLB M=3,3.92405,-1.261676115,0.01445365669
spin_chain,4,energy,SLB M=3,3.98734,-1.261934535,0.01446608771
spin_chain,4,energy,SLB M=3,4.05063,-1.26218405,0.01446914552
spin_chain,4,energy,SLB M=3,4.11392,-1.262424295,0.01446565407
spin_chain,4,energy,SLB M=3,4.17722,-1.26265479,0.01445822918
spin_chain,4,energy,SLB M=3,4.24051,-1.262875015,0.01444920043
spin_chain,4,energy,SLB M=3,4.3038,-1.263084468,0.0144405354
spin_chain,4,energy,SLB M=3,4.36709,-1.263282702,0.01443385147
spin_chain,4,energy,SLB M=3,4.43038,-1.263469388,0.0144303499
spin_chain,4,energy,SLB M=3,4.49367,-1.26364431,0.01443086567
spin_chain,4,energy,SLB M=3,4.55696,-1.2638074,0.0144358667
spin_chain,4,energy,SLB M=3,4.62025,-1.263958743,0.01444551262
spin_chain,4,energy,SLB M=3,4.68354,-1.264098563,0.014459654
spin_chain,4,energy,SLB M=3,4.74684,-1.264227225,0.01447795185
spin_chain,4,energy,SLB M=3,4.81013,-1.264345207,0.01449986917
spin_chain,4,energy,SLB M=3,4.87342,-1.264453105,0.01452475506
spin_chain,4,energy,SLB M=3,4.93671,-1.264551575,0.01455188962
spin_chain,4,energy,SLB M=3,5,-1.264641345,0.01458050814
spin_chain,8,energy,reference,0,-2,
spin_chain,8,energy,reference,0.0632911,-2.02771591,
spin_chain,8,energy,reference,0.126582,-2.05316624,
spin_chain,8,energy,reference,0.189873,-2.07654664,
spin_chain,8,energy,reference,0.253165,-2.09803519,
spin_chain,8,energy,reference,0.316456,-2.11779403,
spin_chain,8,energy,reference,0.379747,-2.13597082,
spin_chain,8,energy,reference,0.443038,-2.15270012,
spin_chain,8,energy,reference,0.506329,-2.16810458,
spin_chain,8,energy,reference,0.56962,-2.18229603,
spin_chain,8,energy,reference,0.632911,-2.19537647,
spin_chain,8,energy,reference,0.696203,-2.20743898,
spin_chain,8,energy,reference,0.759494,-2.21856853,
spin_chain,8,energy,reference,0.822785,-2.22884269,
spin_chain,8,energy,reference,0.886076,-2.23833234,
spin_chain,8,energy,reference,0.949367,-2.24710223,
spin_chain,8,energy,reference,1.01266,-2.25521154,
spin_chain,8,energy,reference,1.07595,-2.26271441,
spin_chain,8,energy,reference,1.13924,-2.26966033,
spin_chain,8,energy,reference,1.20253,-2.27609461,
spin_chain,8,energy,reference,1.26582,-2.28205869,
spin_chain,8,energy,reference,1.32911,-2.28759055,
spin_chain,8,energy,reference,1.39241,-2.29272494,
spin_chain,8,energy,reference,1.4557,-2.29749372,
spin_chain,8,energy,reference,1.51899,-2.30192607,
spin_chain,8,energy,reference,1.58228,-2.30604875,
spin_chain,8,energy,reference,1.64557,-2.3098863,
spin_chain,8,energy,reference,1.70886,-2.31346123,
spin_chain,8,energy,reference,1.77215,-2.31679419,
spin_chain,8,energy,reference,1.83544,-2.31990413,
spin_chain,8,energy,reference,1.89873,-2.32280846,
spin_chain,8,energy,reference,1.96203,-2.32552315,
spin_chain,8,energy,reference,2.02532,-2.32806288,
spin_chain,8,energy,reference,2.08861,-2.33044114,
spin_chain,8,energy,reference,2.1519,-2.33267033,
spin_chain,8,energy,reference,2.21519,-2.33476184,
spin_chain,8,energy,reference,2.27848,-2.33672615,
spin_chain,8,energy,reference,2.34177,-2.33857291,
spin_chain,8,energy,reference,2.40506,-2.34031098,
spin_chain,8,energy,reference,2.46835,-2.34194852,
spin_chain,8,energy,reference,2.53165,-2.34349305,
spin_chain,8,energy,reference,2.59494,-2.34495149,
spin_chain,8,energy,reference,2.65823,-2.3463302,
spin_chain,8,energy,reference,2.72152,-2.34763506,
spin_chain,8,energy,reference,2.78481,-2.34887148,
spin_chain,8,energy,reference,2.8481,-2.35004444,
spin_chain,8,energy,reference,2.91139,-2.35115854,
spin_chain,8,energy,reference,2.97468,-2.35221802,
spin_chain,8,energy,reference,3.03797,-2.35322678,
spin_chain,8,energy,reference,3.10127,-2.35418843,
spin_chain,8,energy,reference,3.16456,-2.35510631,
spin_chain,8,energy,reference,3.22785,-2.35598347,
spin_chain,8,energy,reference,3.29114,-2.35682277,
spin_chain,8,energy,reference,3.35443,-2.35762681,
spin_chain,8,energy,reference,3.41772,-2.35839801,
spin_chain,8,energy,reference,3.48101,-2.35913862,
spin_chain,8,energy,reference,3.5443,-2.3598507,
spin_chain,8,energy,reference,3.60759,-2.36053615,
spin_chain,8,energy,reference,3.67089,-2.36119675,
spin_chain,8,energy,reference,3.73418,-2.36183412,
spin_chain,8,energy,reference,3.79747,-2.36244978,
spin_chain,8,energy,reference,3.86076,-2.36304512,
spin_chain,8,energy,reference,3.92405,-2.36362144,
spin_chain,8,energy,reference,3.98734,-2.36417994,
spin_chain,8,energy,reference,4.05063,-2.36472172,
spin_chain,8,energy,reference,4.11392,-2.36524782,
spin_chain,8,energy,reference,4.17722,-2.36575918,
spin_chain,8,energy,reference,4.24051,-2.36625669,
spin_chain,8,energy,reference,4.3038,-2.36674117,
spin_chain,8,energy,reference,4.36709,-2.36721337,
spin_chain,8,energy,reference,4.43038,-2.36767401,
spin_chain,8,energy,reference,4.49367,-2.36812372,
spin_chain,8,energy,reference,4.55696,-2.36856313,
spin_chain,8,energy,reference,4.62025,-2.36899279,
spin_chain,8,energy,reference,4.68354,-2.36941322,
spin_chain,8,energy,reference,4.74684,-2.36982492,
spin_chain,8,energy,reference,4.81013,-2.37022834,
spin_chain,8,energy,reference,4.87342,-2.37062389,
spin_chain,8,energy,reference,4.93671,-2.37101196,
spin_chain,8,energy,reference,5,-2.37139293,
spin_chain,8,energy,SLB M=1,0,-2,0
spin_chain,8,energy,SLB M=1,0.0632911,-2.025692288,0.01683458412
spin_chain,8,energy,SLB M=1,0.126582,-2.046274748,0.0277417061
spin_chain,8,energy,SLB M=1,0.189873,-2.062105532,0.03398838323
spin_chain,8,energy,SLB M=1,0.253165,-2.07368299,0.03685186927
spin_chain,8,energy,SLB M=1,0.316456,-2.08162913,0.03752385451
spin_chain,8,energy,SLB M=1,0.379747,-2.08665927,0.03701577996
spin_chain,8,energy,SLB M=1,0.443038,-2.089542447,0.03607707333
spin_chain,8,energy,SLB M=1,0.506329,-2.091057558,0.03515645448
spin_chain,8,energy,SLB M=1,0.56962,-2.091949823,0.03444084533
spin_chain,8,energy,SLB M=1,0.632911,-2.09289166,0.03397081092
spin_chain,8,energy,SLB M=1,0.696203,-2.094450985,0.03377968777
spin_chain,8,energy,SLB M=1,0.759494,-2.09706899,0.03398912758
spin_chain,8,energy,SLB M=1,0.822785,-2.10104842,0.03482047408
spin_chain,8,energy,SLB M=1,0.886076,-2.106552118,0.03651956482
spin_chain,8,energy,SLB M=1,0.949367,-2.113611043,0.03923803935
spin_chain,8,energy,SLB M=1,1.01266,-2.12214002,0.04294979342
spin_chain,8,energy,SLB M=1,1.07595,-2.131959225,0.04745266952
spin_chain,8,energy,SLB M=1,1.13924,-2.14281909,0.05243163118
spin_chain,8,energy,SLB M=1,1.20253,-2.154426415,0.05752898841
spin_chain,8,energy,SLB M=1,1.26582,-2.166469605,0.06239310079
spin_chain,8,energy,SLB M=1,1.32911,-2.178641342,0.06670558102
spin_chain,8,energy,SLB M=1,1.39241,-2.190657445,0.07019584641
spin_chain,8,energy,SLB M=1,1.4557,-2.202271093,0.07264970199
spin_chain,8,energy,SLB M=1,1.51899,-2.21328207,0.07391498613
spin_chain,8,energy,SLB M=1,1.58228,-2.223541255,0.07390509272
spin_chain,8,energy,SLB M=1,1.64557,-2.232950703,0.07260010481
spin_chain,8,energy,SLB M=1,1.70886,-2.241460155,0.07004520058
spin_chain,8,energy,SLB M=1,1.77215,-2.249060777,0.06634596378
spin_chain,8,energy,SLB M=1,1.83544,-2.255777222,0.06166070363
spin_chain,8,energy,SLB M=1,1.89873,-2.26165885,0.05619010725
spin_chain,8,energy,SLB M=1,1.96203,-2.266771027,0.05016493497
spin_chain,8,energy,SLB M=1,2.02532,-2.271187175,0.04383270703
spin_chain,8,energy,SLB M=1,2.08861,-2.274982077,0.03744453611
spin_chain,8,energy,SLB M=1,2.1519,-2.278226782,0.03124328021
spin_chain,8,energy,SLB M=1,2.21519,-2.280985197,0.02545458907
spin_chain,8,energy,SLB M=1,2.27848,-2.283312347,0.02028214789
spin_chain,8,energy,SLB M=1,2.34177,-2.285254088,0.01590792348
spin_chain,8,energy,SLB M=1,2.40506,-2.28684801,0.01249304621
spin_chain,8,energy,SLB M=1,2.46835,-2.28812514,0.01015907904
spin_chain,8,energy,SLB M=1,2.53165,-2.289112155,0.008914985393
spin_chain,8,energy,SLB M=1,2.59494,-2.289833653,0.008574540411
spin_chain,8,energy,SLB M=1,2.65823,-2.29031427,0.008827721913
spin_chain,8,energy,SLB M=1,2.72152,-2.290580353,0.009419743756
spin_chain,8,energy,SLB M=1,2.78481,-2.290661067,0.01021917518
spin_chain,8,energy,SLB M=1,2.8481,-2.290588845,0.01117377968
spin_chain,8,energy,SLB M=1,2.91139,-2.290399157,0.01225324077
spin_chain,8,energy,SLB M=1,2.97468,-2.290129747,0.01341896768
spin_chain,8,energy,SLB M=1,3.03797,-2.289819375,0.01461883504
spin_chain,8,energy,SLB M=1,3.10127,-2.289506247,0.0157943119
spin_chain,8,energy,SLB M=1,3.16456,-2.289226357,0.01689014829
spin_chain,8,energy,SLB M=1,3.22785,-2.289011835,0.01786171061
spin_chain,8,energy,SLB M=1,3.29114,-2.288889475,0.01867901288
spin_chain,8,energy,SLB M=1,3.35443,-2.28887962,0.01932779405
spin_chain,8,energy,SLB M=1,3.41772,-2.288995425,0.01980852506
spin_chain,8,energy,SLB M=1,3.48101,-2.289242575,0.02013393798
spin_chain,8,energy,SLB M=1,3.5443,-2.289619448,0.02032574385
spin_chain,8,energy,SLB M=1,3.60759,-2.290117748,0.02041080207
spin_chain,8,energy,SLB M=1,3.67089,-2.29072345,0.02041731693
spin_chain,8,energy,SLB M=1,3.73418,-2.291418043,0.02037130191
spin_chain,8,energy,SLB M=1,3.79747,-2.292179972,0.02029380054
spin_chain,8,energy,SLB M=1,3.86076,-2.292986112,0.02019917872
spin_chain,8,energy,SLB M=1,3.92405,-2.293813217,0.02009467987
spin_chain,8,energy,SLB M=1,3.98734,-2.294639275,0.01998121118
spin_chain,8,energy,SLB M=1,4.05063,-2.29544461,0.01985511108
spin_chain,8,energy,SLB M=1,4.11392,-2.2962128,0.01971046114
spin_chain,8,energy,SLB M=1,4.17722,-2.296931213,0.01954148947
spin_chain,8,energy,SLB M=1,4.24051,-2.297591355,0.01934461614
spin_chain,8,energy,SLB M=1,4.3038,-2.298188853,0.01911993004
spin_chain,8,energy,SLB M=1,4.36709,-2.29872322,0.0188719278
spin_chain,8,energy,SLB M=1,4.43038,-2.29919742,0.01860950431
spin_chain,8,energy,SLB M=1,4.49367,-2.299617245,0.01834531324
spin_chain,8,energy,SLB M=1,4.55696,-2.299990625,0.01809455212
spin_chain,8,energy,SLB M=1,4.62025,-2.300326883,0.01787337995
spin_chain,8,energy,SLB M=1,4.68354,-2.300636008,0.01769718735
spin_chain,8,energy,SLB M=1,4.74684,-2.30092795,0.01757888878
spin_chain,8,energy,SLB M=1,4.81013,-2.30121209,0.01752753962
spin_chain,8,energy,SLB M=1,4.87342,-2.30149672,0.01754743503
spin_chain,8,energy,SLB M=1,4.93671,-2.301788722,0.01763780914
spin_chain,8,energy,SLB M=1,5,-2.30209338,0.01779308124
spin_chain,8,energy,SLB M=2,0,-2,0
spin_chain,8,energy,SLB M=2,0.0632911,-2.022764345,0.007055240408
spin_chain,8,energy,SLB M=2,0.126582,-2.043722553,0.01377320811
spin_chain,8,energy,SLB M=2,0.189873,-2.062799485,0.02018513277
spin_chain,8,energy,SLB M=2,0.253165,-2.079991738,0.0262994206
spin_chain,8,energy,SLB M=2,0.316456,-2.09537721,0.03206231196
spin_chain,8,energy,SLB M=2,0.379747,-2.109112427,0.03734767735
spin_chain,8,energy,SLB M=2,0.443038,-2.121419868,0.04197420201
spin_chain,8,energy,SLB M=2,0.506329,-2.13256818,0.0457392492
spin_chain,8,energy,SLB M=2,0.56962,-2.142848445,0.04845679169
spin_chain,8,energy,SLB M=2,0.632911,-2.152549505,0.0499903296
spin_chain,8,energy,SLB M=2,0.696203,-2.161935067,0.05027584676
spin_chain,8,energy,SLB M=2,0.759494,-2.17122476,0.04933320824
spin_chain,8,energy,SLB M=2,0.822785,-2.180580613,0.047266763
spin_chain,8,energy,SLB M=2,0.886076,-2.190099737,0.04425699236
spin_chain,8,energy,SLB M=2,0.949367,-2.199813335,0.04054550641
spin_chain,8,energy,SLB M=2,1.01266,-2.209691395,0.03641575654
spin_chain,8,energy,SLB M=2,1.07595,-2.219652232,0.03217110461
spin_chain,8,energy,SLB M=2,1.13924,-2.229575393,0.02811028788
spin_chain,8,energy,SLB M=2,1.20253,-2.239316562,0.02449812314
spin_chain,8,energy,SLB M=2,1.26582,-2.248722865,0.02152843314
spin_chain,8,energy,SLB M=2,1.32911,-2.25764729,0.01928308836
spin_chain,8,energy,SLB M=2,1.39241,-2.265961047,0.01770882531
spin_chain,8,energy,SLB M=2,1.4557,-2.273563063,0.01664195061
spin_chain,8,energy,SLB M=2,1.51899,-2.28038613,0.01587920984
spin_chain,8,energy,SLB M=2,1.58228,-2.286399595,0.01525046311
spin_chain,8,energy,SLB M=2,1.64557,-2.291608758,0.01465538247
spin_chain,8,energy,SLB M=2,1.70886,-2.296051412,0.0140630939
spin_chain,8,energy,SLB M=2,1.77215,-2.299792192,0.01349220357
spin_chain,8,energy,SLB M=2,1.83544,-2.302915447,0.01298552247
spin_chain,8,energy,SLB M=2,1.89873,-2.305517435,0.01258723002
spin_chain,8,energy,SLB M=2,1.96203,-2.307698543,0.01232686701
spin_chain,8,energy,SLB M=2,2.02532,-2.309556222,0.01221288203
spin_chain,8,energy,SLB M=2,2.08861,-2.311179108,0.01223584288
spin_chain,8,energy,SLB M=2,2.1519,-2.31264266,0.01237731687
spin_chain,8,energy,SLB M=2,2.21519,-2.314006485,0.01261902049
spin_chain,8,energy,SLB M=2,2.27848,-2.315313345,0.01294806777
spin_chain,8,energy,SLB M=2,2.34177,-2.316589675,0.01335754674
spin_chain,8,energy,SLB M=2,2.40506,-2.31784739,0.01384378637
spin_chain,8,energy,SLB M=2,2.46835,-2.319086598,0.01440240439
spin_chain,8,energy,SLB M=2,2.53165,-2.320298865,0.01502493739
spin_chain,8,energy,SLB M=2,2.59494,-2.321470688,0.01569701552
spin_chain,8,energy,SLB M=2,2.65823,-2.32258677,0.01639812116
spin_chain,8,energy,SLB M=2,2.72152,-2.323632895,0.01710270975
spin_chain,8,energy,SLB M=2,2.78481,-2.324598175,0.01778193631
spin_chain,8,energy,SLB M=2,2.8481,-2.3254765,0.01840573713
spin_chain,8,energy,SLB M=2,2.91139,-2.326267272,0.01894492857
spin_chain,8,energy,SLB M=2,2.97468,-2.326975358,0.01937314805
spin_chain,8,energy,SLB M=2,3.03797,-2.327610438,0.0196686503
spin_chain,8,energy,SLB M=2,3.10127,-2.32818587,0.01981584598
spin_chain,8,energy,SLB M=2,3.16456,-2.328717258,0.019806431
spin_chain,8,energy,SLB M=2,3.22785,-2.3292209,0.01964014504
spin_chain,8,energy,SLB M=2,3.29114,-2.329712315,0.01932494219
spin_chain,8,energy,SLB M=2,3.35443,-2.330204933,0.01887657231
spin_chain,8,energy,SLB M=2,3.41772,-2.33070913,0.01831757015
spin_chain,8,energy,SLB M=2,3.48101,-2.331231625,0.01767564159
spin_chain,8,energy,SLB M=2,3.5443,-2.33177529,0.01698160519
spin_chain,8,energy,SLB M=2,3.60759,-2.332339295,0.01626694368
spin_chain,8,energy,SLB M=2,3.67089,-2.33291964,0.01556130926
spin_chain,8,energy,SLB M=2,3.73418,-2.333509925,0.01489024065
spin_chain,8,energy,SLB M=2,3.79747,-2.334102225,0.01427337757
spin_chain,8,energy,SLB M=2,3.86076,-2.334688107,0.01372372784
spin_chain,8,energy,SLB M=2,3.92405,-2.335259522,0.01324789139
spin_chain,8,energy,SLB M=2,3.98734,-2.33580965,0.01284742621
spin_chain,8,energy,SLB M=2,4.05063,-2.336333497,0.01252082103
spin_chain,8,energy,SLB M=2,4.11392,-2.336828328,0.01226565013
spin_chain,8,energy,SLB M=2,4.17722,-2.337293795,0.01208023027
spin_chain,8,energy,SLB M=2,4.24051,-2.337731877,0.01196454107
spin_chain,8,energy,SLB M=2,4.3038,-2.338146593,0.0119201341
spin_chain,8,energy,SLB M=2,4.36709,-2.338543533,0.0119493304
spin_chain,8,energy,SLB M=2,4.43038,-2.338929307,0.01205391845
spin_chain,8,energy,SLB M=2,4.49367,-2.339310905,0.0122338614
spin_chain,8,energy,SLB M=2,4.55696,-2.339695092,0.01248631829
spin_chain,8,energy,SLB M=2,4.62025,-2.340087833,0.01280526728
spin_chain,8,energy,SLB M=2,4.68354,-2.340493835,0.01318164553
spin_chain,8,energy,SLB M=2,4.74684,-2.340916205,0.01360394278
spin_chain,8,energy,SLB M=2,4.81013,-2.34135626,0.01405898321
spin_chain,8,energy,SLB M=2,4.87342,-2.341813495,0.01453271522
spin_chain,8,energy,SLB M=2,4.93671,-2.342285668,0.01501088406
spin_chain,8,energy,SLB M=2,5,-2.34276904,0.01547953112
spin_chain,8,energy,SLB M=4,0,-2,0
spin_chain,8,energy,SLB M=4,0.0632911,-2.02693739,0.006017064149
spin_chain,8,energy,SLB M=4,0.126582,-2.05229897,0.01117065652
spin_chain,8,energy,SLB M=4,0.189873,-2.076004538,0.01556947189
spin_chain,8,energy,SLB M=4,0.253165,-2.097998533,0.01942902638
spin_chain,8,energy,SLB M=4,0.316456,-2.11826124,0.02300496461
spin_chain,8,energy,SLB M=4,0.379747,-2.136813895,0.02650741791
spin_chain,8,energy,SLB M=4,0.443038,-2.153718277,0.03003074312
spin_chain,8,energy,SLB M=4,0.506329,-2.1690719,0.03353028571
spin_chain,8,energy,SLB M=4,0.56962,-2.182999998,0.03684908191
spin_chain,8,energy,SLB M=4,0.632911,-2.195645585,0.0397712318
spin_chain,8,energy,SLB M=4,0.696203,-2.207158988,0.0420761921
spin_chain,8,energy,SLB M=4,0.759494,-2.217687875,0.04358005936
spin_chain,8,energy,SLB M=4,0.822785,-2.227368718,0.04416079672
spin_chain,8,energy,SLB M=4,0.886076,-2.236320355,0.04376949665
spin_chain,8,energy,SLB M=4,0.949367,-2.244639933,0.04243089231
spin_chain,8,energy,SLB M=4,1.01266,-2.252401315,0.04023619463
spin_chain,8,energy,SLB M=4,1.07595,-2.259655787,0.0373309928
spin_chain,8,energy,SLB M=4,1.13924,-2.266434663,0.03390064168
spin_chain,8,energy,SLB M=4,1.20253,-2.272753307,0.03015525218
spin_chain,8,energy,SLB M=4,1.26582,-2.278616008,0.02631608254
spin_chain,8,energy,SLB M=4,1.32911,-2.28402112,0.02260449216
spin_chain,8,energy,SLB M=4,1.39241,-2.288965975,0.01923286726
spin_chain,8,energy,SLB M=4,1.4557,-2.293451105,0.01639355392
spin_chain,8,energy,SLB M=4,1.51899,-2.297483507,0.01423607101
spin_chain,8,energy,SLB M=4,1.58228,-2.301078685,0.01282466583
spin_chain,8,energy,SLB M=4,1.64557,-2.304261525,0.01209587338
spin_chain,8,energy,SLB M=4,1.70886,-2.30706599,0.01186927194
spin_chain,8,energy,SLB M=4,1.77215,-2.30953378,0.01192295743
spin_chain,8,energy,SLB M=4,1.83544,-2.3117123,0.01206922698
spin_chain,8,energy,SLB M=4,1.89873,-2.313652082,0.01218319838
spin_chain,8,energy,SLB M=4,1.96203,-2.315404028,0.01219612636
spin_chain,8,energy,SLB M=4,2.02532,-2.317016727,0.0120785968
spin_chain,8,energy,SLB M=4,2.08861,-2.31853406,0.01182621072
spin_chain,8,energy,SLB M=4,2.1519,-2.319993297,0.01144990109
spin_chain,8,energy,SLB M=4,2.21519,-2.321423817,0.01097016598
spin_chain,8,energy,SLB M=4,2.27848,-2.322846455,0.01041339688
spin_chain,8,energy,SLB M=4,2.34177,-2.324273513,0.009809483401
spin_chain,8,energy,SLB M=4,2.40506,-2.325709368,0.009189822073
spin_chain,8,energy,SLB M=4,2.46835,-2.327151543,0.008585606146
spin_chain,8,energy,SLB M=4,2.53165,-2.32859211,0.008026263785
spin_chain,8,energy,SLB M=4,2.59494,-2.330019335,0.007538119861
spin_chain,8,energy,SLB M=4,2.65823,-2.331419337,0.007143175062
spin_chain,8,energy,SLB M=4,2.72152,-2.332777688,0.006858010886
spin_chain,8,energy,SLB M=4,2.78481,-2.334080785,0.006692602403
spin_chain,8,energy,SLB M=4,2.8481,-2.33531701,0.006649344419
spin_chain,8,energy,SLB M=4,2.91139,-2.336477503,0.006722686958
spin_chain,8,energy,SLB M=4,2.97468,-2.337556638,0.0068998994
spin_chain,8,energy,SLB M=4,3.03797,-2.33855214,0.007162951043
spin_chain,8,energy,SLB M=4,3.10127,-2.33946495,0.007491130461
spin_chain,8,energy,SLB M=4,3.16456,-2.340298817,0.007863478961
spin_chain,8,energy,SLB M=4,3.22785,-2.34105977,0.00826078151
spin_chain,8,energy,SLB M=4,3.29114,-2.341755448,0.008666828534
spin_chain,8,energy,SLB M=4,3.35443,-2.342394457,0.00906886699
spin_chain,8,energy,SLB M=4,3.41772,-2.342985713,0.009457528134
spin_chain,8,energy,SLB M=4,3.48101,-2.343537925,0.009826246082
spin_chain,8,energy,SLB M=4,3.5443,-2.344059145,0.01017041161
spin_chain,8,energy,SLB M=4,3.60759,-2.34455647,0.01048645328
spin_chain,8,energy,SLB M=4,3.67089,-2.345035918,0.01077106122
spin_chain,8,energy,SLB M=4,3.73418,-2.345502367,0.01102066498
spin_chain,8,energy,SLB M=4,3.79747,-2.34595964,0.01123131293
spin_chain,8,energy,SLB M=4,3.86076,-2.346410667,0.01139888053
spin_chain,8,energy,SLB M=4,3.92405,-2.34685767,0.01151953129
spin_chain,8,energy,SLB M=4,3.98734,-2.34730238,0.01159036765
spin_chain,8,energy,SLB M=4,4.05063,-2.34774624,0.01160998444
spin_chain,8,energy,SLB M=4,4.11392,-2.348190543,0.01157894805
spin_chain,8,energy,SLB M=4,4.17722,-2.348636567,0.01149999935
spin_chain,8,energy,SLB M=4,4.24051,-2.349085605,0.01137805387
spin_chain,8,energy,SLB M=4,4.3038,-2.349538953,0.01121986135
spin_chain,8,energy,SLB M=4,4.36709,-2.349997865,0.01103354103
spin_chain,8,energy,SLB M=4,4.43038,-2.350463422,0.01082791376
spin_chain,8,energy,SLB M=4,4.49367,-2.350936425,0.01061179648
spin_chain,8,energy,SLB M=4,4.55696,-2.35141724,0.01039333794
spin_chain,8,energy,SLB M=4,4.62025,-2.351905708,0.01017947125
spin_chain,8,energy,SLB M=4,4.68354,-2.352401013,0.009975578963
spin_chain,8,energy,SLB M=4,4.74684,-2.352901652,0.009785369068
spin_chain,8,energy,SLB M=4,4.81013,-2.35340542,0.009611019521
spin_chain,8,energy,SLB M=4,4.87342,-2.353909447,0.009453539119
spin_chain,8,energy,SLB M=4,4.93671,-2.354410295,0.00931318373
spin_chain,8,energy,SLB M=4,5,-2.354904108,0.009190031719
spin_chain,8,energy,SLB M=7,0,-2,0
spin_chain,8,energy,SLB M=7,0.0632911,-2.025059005,0.007614576941
spin_chain,8,energy,SLB M=7,0.126582,-2.048546088,0.01420296647
spin_chain,8,energy,SLB M=7,0.189873,-2.07052132,0.01960648211
spin_chain,8,energy,SLB M=7,0.253165,-2.091054507,0.02373833048
spin_chain,8,energy,SLB M=7,0.316456,-2.11022626,0.0265841861
spin_chain,8,energy,SLB M=7,0.379747,-2.128126378,0.02819815832
spin_chain,8,energy,SLB M=7,0.443038,-2.144850288,0.02869438837
spin_chain,8,energy,SLB M=7,0.506329,-2.160494438,0.02823489968
spin_chain,8,energy,SLB M=7,0.56962,-2.175151445,0.02701460033
spin_chain,8,energy,SLB M=7,0.632911,-2.188905712,0.02524436652
spin_chain,8,energy,SLB M=7,0.696203,-2.20182993,0.02313329914
spin_chain,8,energy,SLB M=7,0.759494,-2.213982947,0.02087117144
spin_chain,8,energy,SLB M=7,0.822785,-2.225409013,0.01861232658
spin_chain,8,energy,SLB M=7,0.886076,-2.236138422,0.01646322516
spin_chain,8,energy,SLB M=7,0.949367,-2.246189395,0.01447652983
spin_chain,8,energy,SLB M=7,1.01266,-2.255570882,0.01265477726
spin_chain,8,energy,SLB M=7,1.07595,-2.26428595,0.0109642833
spin_chain,8,energy,SLB M=7,1.13924,-2.272335395,0.009355704434
spin_chain,8,energy,SLB M=7,1.20253,-2.279721182,0.007784374019
spin_chain,8,energy,SLB M=7,1.26582,-2.286449495,0.006224780614
spin_chain,8,energy,SLB M=7,1.32911,-2.292533032,0.004678370434
spin_chain,8,energy,SLB M=7,1.39241,-2.29799254,0.003181474092
spin_chain,8,energy,SLB M=7,1.4557,-2.3028574,0.001850169916
spin_chain,8,energy,SLB M=7,1.51899,-2.3071654,0.001187695108
spin_chain,8,energy,SLB M=7,1.58228,-2.310961677,0.001814565558
spin_chain,8,energy,SLB M=7,1.64557,-2.314297123,0.002818535719
spin_chain,8,energy,SLB M=7,1.70886,-2.317226315,0.00375091147
spin_chain,8,energy,SLB M=7,1.77215,-2.319805255,0.004515720194
spin_chain,8,energy,SLB M=7,1.83544,-2.322089127,0.005081579038
spin_chain,8,energy,SLB M=7,1.89873,-2.324130183,0.005438561945
spin_chain,8,energy,SLB M=7,1.96203,-2.32597602,0.005588934258
spin_chain,8,energy,SLB M=7,2.02532,-2.327668225,0.005544045293
spin_chain,8,energy,SLB M=7,2.08861,-2.329241585,0.005323006473
spin_chain,8,energy,SLB M=7,2.1519,-2.330723727,0.004952562243
spin_chain,8,energy,SLB M=7,2.21519,-2.332135293,0.004468326052
spin_chain,8,energy,SLB M=7,2.27848,-2.333490487,0.003918273478
spin_chain,8,energy,SLB M=7,2.34177,-2.33479795,0.003369966543
spin_chain,8,energy,SLB M=7,2.40506,-2.33606186,0.002920494901
spin_chain,8,energy,SLB M=7,2.46835,-2.337283112,0.002692013555
spin_chain,8,energy,SLB M=7,2.53165,-2.33846051,0.002770503426
spin_chain,8,energy,SLB M=7,2.59494,-2.339591862,0.003125033619
spin_chain,8,energy,SLB M=7,2.65823,-2.34067494,0.00364340836
spin_chain,8,energy,SLB M=7,2.72152,-2.34170817,0.004220347652
spin_chain,8,energy,SLB M=7,2.78481,-2.342691148,0.004785491176
spin_chain,8,energy,SLB M=7,2.8481,-2.343624903,0.005296089271
spin_chain,8,energy,SLB M=7,2.91139,-2.344511922,0.00572730551
spin_chain,8,energy,SLB M=7,2.97468,-2.345356025,0.006066228253
spin_chain,8,energy,SLB M=7,3.03797,-2.34616208,0.006308353173
spin_chain,8,energy,SLB M=7,3.10127,-2.346935633,0.006455437023
spin_chain,8,energy,SLB M=7,3.16456,-2.347682522,0.00651373558
spin_chain,8,energy,SLB M=7,3.22785,-2.348408473,0.006492649541
spin_chain,8,energy,SLB M=7,3.29114,-2.349118757,0.006403429764
spin_chain,8,energy,SLB M=7,3.35443,-2.349817912,0.006258095164
spin_chain,8,energy,SLB M=7,3.41772,-2.35050957,0.006068478076
spin_chain,8,energy,SLB M=7,3.48101,-2.351196358,0.005845514908
spin_chain,8,energy,SLB M=7,3.5443,-2.351879915,0.005598745428
spin_chain,8,energy,SLB M=7,3.60759,-2.352560958,0.005336038164
spin_chain,8,energy,SLB M=7,3.67089,-2.353239435,0.0050635261
spin_chain,8,energy,SLB M=7,3.73418,-2.353914705,0.004785741873
spin_chain,8,energy,SLB M=7,3.79747,-2.354585695,0.004505844892
spin_chain,8,energy,SLB M=7,3.86076,-2.355251133,0.004225975885
spin_chain,8,energy,SLB M=7,3.92405,-2.355909665,0.003947598807
spin_chain,8,energy,SLB M=7,3.98734,-2.356560003,0.003671883695
spin_chain,8,energy,SLB M=7,4.05063,-2.357200987,0.003400036038
spin_chain,8,energy,SLB M=7,4.11392,-2.357831623,0.003133596627
spin_chain,8,energy,SLB M=7,4.17722,-2.358451075,0.002874737267
spin_chain,8,energy,SLB M=7,4.24051,-2.359058623,0.002626535098
spin_chain,8,energy,SLB M=7,4.3038,-2.359653587,0.002393280945
spin_chain,8,energy,SLB M=7,4.36709,-2.360235283,0.002180857851
spin_chain,8,energy,SLB M=7,4.43038,-2.360802893,0.001997097602
spin_chain,8,energy,SLB M=7,4.49367,-2.361355462,0.001851881778
spin_chain,8,energy,SLB M=7,4.55696,-2.361891837,0.00175644526
spin_chain,8,energy,SLB M=7,4.62025,-2.362410653,0.00172117813
spin_chain,8,energy,SLB M=7,4.68354,-2.36291037,0.001752310728
spin_chain,8,energy,SLB M=7,4.74684,-2.36338932,0.001849444043
spin_chain,8,energy,SLB M=7,4.81013,-2.363845787,0.002005942475
spin_chain,8,energy,SLB M=7,4.87342,-2.364278127,0.002211708332
spin_chain,8,energy,SLB M=7,4.93671,-2.364684862,0.002455898233
spin_chain,8,energy,SLB M=7,5,-2.365064805,0.002728352088
spin_chain,16,energy,reference,0,-3,
spin_chain,16,energy,reference,0.0632911,-3.02995093,
spin_chain,16,energy,reference,0.126582,-3.05734064,
spin_chain,16,energy,reference,0.189873,-3.08242523,
spin_chain,16,energy,reference,0.253165,-3.10543274,
spin_chain,16,energy,reference,0.316456,-3.12656639,
spin_chain,16,energy,reference,0.379747,-3.14600747,
spin_chain,16,energy,reference,0.443038,-3.16391785,
spin_chain,16,energy,reference,0.506329,-3.18044227,
spin_chain,16,energy,reference,0.56962,-3.1957102,
spin_chain,16,energy,reference,0.632911,-3.20983763,
spin_chain,16,energy,reference,0.696203,-3.22292858,
spin_chain,16,energy,reference,0.759494,-3.23507642,
spin_chain,16,energy,reference,0.822785,-3.24636505,
spin_chain,16,energy,reference,0.886076,-3.25686996,
spin_chain,16,energy,reference,0.949367,-3.26665913,
spin_chain,16,energy,reference,1.01266,-3.27579385,
spin_chain,16,energy,reference,1.07595,-3.28432945,
spin_chain,16,energy,reference,1.13924,-3.29231592,
spin_chain,16,energy,reference,1.20253,-3.29979849,
spin_chain,16,energy,reference,1.26582,-3.30681812,
spin_chain,16,energy,reference,1.32911,-3.31341194,
spin_chain,16,energy,reference,1.39241,-3.31961365,
spin_chain,16,energy,reference,1.4557,-3.32545389,
spin_chain,16,energy,reference,1.51899,-3.3309605,
spin_chain,16,energy,reference,1.58228,-3.33615886,
spin_chain,16,energy,reference,1.64557,-3.34107208,
spin_chain,16,energy,reference,1.70886,-3.34572129,
spin_chain,16,energy,reference,1.77215,-3.35012574,
spin_chain,16,energy,reference,1.83544,-3.35430307,
spin_chain,16,energy,reference,1.89873,-3.35826943,
spin_chain,16,energy,reference,1.96203,-3.3620396,
spin_chain,16,energy,reference,2.02532,-3.36562714,
spin_chain,16,energy,reference,2.08861,-3.3690445,
spin_chain,16,energy,reference,2.1519,-3.37230315,
spin_chain,16,energy,reference,2.21519,-3.3754136,
spin_chain,16,energy,reference,2.27848,-3.37838556,
spin_chain,16,energy,reference,2.34177,-3.38122796,
spin_chain,16,energy,reference,2.40506,-3.38394904,
spin_chain,16,energy,reference,2.46835,-3.38655642,
spin_chain,16,energy,reference,2.53165,-3.38905713,
spin_chain,16,energy,reference,2.59494,-3.39145768,
spin_chain,16,energy,reference,2.65823,-3.39376408,
spin_chain,16,energy,reference,2.72152,-3.39598192,
spin_chain,16,energy,reference,2.78481,-3.39811638,
spin_chain,16,energy,reference,2.8481,-3.40017225,
spin_chain,16,energy,reference,2.91139,-3.40215399,
spin_chain,16,energy,reference,2.97468,-3.40406575,
spin_chain,16,energy,reference,3.03797,-3.40591137,
spin_chain,16,energy,reference,3.10127,-3.40769446,
spin_chain,16,energy,reference,3.16456,-3.40941834,
spin_chain,16,energy,reference,3.22785,-3.41108614,
spin_chain,16,energy,reference,3.29114,-3.41270076,
spin_chain,16,energy,reference,3.35443,-3.41426491,
spin_chain,16,energy,reference,3.41772,-3.41578114,
spin_chain,16,energy,reference,3.48101,-3.4172518,
spin_chain,16,energy,reference,3.5443,-3.41867913,
spin_chain,16,energy,reference,3.60759,-3.42006518,
spin_chain,16,energy,reference,3.67089,-3.42141192,
spin_chain,16,energy,reference,3.73418,-3.42272116,
spin_chain,16,energy,reference,3.79747,-3.42399461,
spin_chain,16,energy,reference,3.86076,-3.42523388,
spin_chain,16,energy,reference,3.92405,-3.42644047,
spin_chain,16,energy,reference,3.98734,-3.42761581,
spin_chain,16,energy,reference,4.05063,-3.42876123,
spin_chain,16,energy,reference,4.11392,-3.42987799,
spin_chain,16,energy,reference,4.17722,-3.43096726,
spin_chain,16,energy,reference,4.24051,-3.43203017,
spin_chain,16,energy,reference,4.3038,-3.43306777,
spin_chain,16,energy,reference,4.36709,-3.43408104,
spin_chain,16,energy,reference,4.43038,-3.43507092,
spin_chain,16,energy,reference,4.49367,-3.43603831,
spin_chain,16,energy,reference,4.55696,-3.43698404,
spin_chain,16,energy,reference,4.62025,-3.4379089,
spin_chain,16,energy,reference,4.68354,-3.43881365,
spin_chain,16,energy,reference,4.74684,-3.439699,
spin_chain,16,energy,reference,4.81013,-3.44056562,
spin_chain,16,energy,reference,4.87342,-3.44141415,
spin_chain,16,energy,reference,4.93671,-3.4422452,
spin_chain,16,energy,reference,5,-3.44305936,
spin_chain,16,energy,SLB M=1,0,-3,0
spin_chain,16,energy,SLB M=1,0.0632911,-3.030851935,0.02467232238
spin_chain,16,energy,SLB M=1,0.126582,-3.0507996,0.0453045212
spin_chain,16,energy,SLB M=1,0.189873,-3.062409362,0.06326791273
spin_chain,16,energy,SLB M=1,0.253165,-3.067891485,0.07854978912
spin_chain,16,energy,SLB M=1,0.316456,-3.06909538,0.09058751821
spin_chain,16,energy,SLB M=1,0.379747,-3.067524683,0.09891546844
spin_chain,16,energy,SLB M=1,0.443038,-3.06436391,0.1034790014
spin_chain,16,energy,SLB M=1,0.506329,-3.060511213,0.1046917441
spin_chain,16,energy,SLB M=1,0.56962,-3.056614035,0.1033437816
spin_chain,16,energy,SLB M=1,0.632911,-3.05310585,0.1004396079
spin_chain,16,energy,SLB M=1,0.696203,-3.050243013,0.09701484396
spin_chain,16,energy,SLB M=1,0.759494,-3.048140848,0.09396293429
spin_chain,16,energy,SLB M=1,0.822785,-3.046808365,0.0919009549
spin_chain,16,energy,SLB M=1,0.886076,-3.046180658,0.09110706458
spin_chain,16,energy,SLB M=1,0.949367,-3.046148185,0.09154912024
spin_chain,16,energy,SLB M=1,1.01266,-3.046582193,0.09298585969
spin_chain,16,energy,SLB M=1,1.07595,-3.0473556,0.09508974195
spin_chain,16,energy,SLB M=1,1.13924,-3.048359168,0.09754522014
spin_chain,16,energy,SLB M=1,1.20253,-3.049512875,0.1001051141
spin_chain,16,energy,SLB M=1,1.26582,-3.050772713,0.1026097507
spin_chain,16,energy,SLB M=1,1.32911,-3.052133453,0.1049802036
spin_chain,16,energy,SLB M=1,1.39241,-3.053627837,0.1071956433
spin_chain,16,energy,SLB M=1,1.4557,-3.05532292,0.1092641591
spin_chain,16,energy,SLB M=1,1.51899,-3.057314058,0.1111963941
spin_chain,16,energy,SLB M=1,1.58228,-3.059717253,0.1129896764
spin_chain,16,energy,SLB M=1,1.64557,-3.062660252,0.1146260014
spin_chain,16,energy,SLB M=1,1.70886,-3.066272973,0.1160807459
spin_chain,16,energy,SLB M=1,1.77215,-3.070677727,0.1173341256
spin_chain,16,energy,SLB M=1,1.83544,-3.075979662,0.1183764171
spin_chain,16,energy,SLB M=1,1.89873,-3.082257992,0.1192014952
spin_chain,16,energy,SLB M=1,1.96203,-3.0895584,0.1197894414
spin_chain,16,energy,SLB M=1,2.02532,-3.097887183,0.1200852692
spin_chain,16,energy,SLB M=1,2.08861,-3.107207457,0.1199837544
spin_chain,16,energy,SLB M=1,2.1519,-3.117437835,0.1193289542
spin_chain,16,energy,SLB M=1,2.21519,-3.128453678,0.1179311799
spin_chain,16,energy,SLB M=1,2.27848,-3.14009103,0.1155977638
spin_chain,16,energy,SLB M=1,2.34177,-3.15215302,0.1121692155
spin_chain,16,energy,SLB M=1,2.40506,-3.164418417,0.1075520292
spin_chain,16,energy,SLB M=1,2.46835,-3.17665184,0.1017411834
spin_chain,16,energy,SLB M=1,2.53165,-3.188614897,0.09482894401
spin_chain,16,energy,SLB M=1,2.59494,-3.200077645,0.08699963852
spin_chain,16,energy,SLB M=1,2.65823,-3.21082947,0.07851238332
spin_chain,16,energy,SLB M=1,2.72152,-3.220688777,0.0696749715
spin_chain,16,energy,SLB M=1,2.78481,-3.229510785,0.06081279801
spin_chain,16,energy,SLB M=1,2.8481,-3.237192998,0.0522366339
spin_chain,16,energy,SLB M=1,2.91139,-3.243678015,0.04421297995
spin_chain,16,energy,SLB M=1,2.97468,-3.248953655,0.03694010992
spin_chain,16,energy,SLB M=1,3.03797,-3.253050473,0.03053313163
spin_chain,16,energy,SLB M=1,3.10127,-3.25603696,0.02502106719
spin_chain,16,energy,SLB M=1,3.16456,-3.258012992,0.02035830735
spin_chain,16,energy,SLB M=1,3.22785,-3.259101982,0.0164505374
spin_chain,16,energy,SLB M=1,3.29114,-3.259442448,0.01319080231
spin_chain,16,energy,SLB M=1,3.35443,-3.259179608,0.01049841641
spin_chain,16,energy,SLB M=1,3.41772,-3.258457577,0.008355023121
spin_chain,16,energy,SLB M=1,3.48101,-3.257412658,0.006832385527
spin_chain,16,energy,SLB M=1,3.5443,-3.256168022,0.006075537617
spin_chain,16,energy,SLB M=1,3.60759,-3.254830095,0.006161160818
spin_chain,16,energy,SLB M=1,3.67089,-3.253486577,0.006948828166
spin_chain,16,energy,SLB M=1,3.73418,-3.252206072,0.008192525132
spin_chain,16,energy,SLB M=1,3.79747,-3.25103911,0.009704696781
spin_chain,16,energy,SLB M=1,3.86076,-3.250020215,0.01137335571
spin_chain,16,energy,SLB M=1,3.92405,-3.24917074,0.01312578061
spin_chain,16,energy,SLB M=1,3.98734,-3.248502005,0.01490474229
spin_chain,16,energy,SLB M=1,4.05063,-3.248018487,0.01666175875
spin_chain,16,energy,SLB M=1,4.11392,-3.247720655,0.01835924523
spin_chain,16,energy,SLB M=1,4.17722,-3.24760733,0.01997517276
spin_chain,16,energy,SLB M=1,4.24051,-3.247677327,0.02150592876
spin_chain,16,energy,SLB M=1,4.3038,-3.247930402,0.02296534118
spin_chain,16,energy,SLB M=1,4.36709,-3.24836748,0.02437916935
spin_chain,16,energy,SLB M=1,4.43038,-3.248990293,0.0257761466
spin_chain,16,energy,SLB M=1,4.49367,-3.249800523,0.02717790491
spin_chain,16,energy,SLB M=1,4.55696,-3.250798717,0.02859066217
spin_chain,16,energy,SLB M=1,4.62025,-3.251983083,0.03000122223
spin_chain,16,energy,SLB M=1,4.68354,-3.253348375,0.03137811077
spin_chain,16,energy,SLB M=1,4.74684,-3.254884998,0.03267693379
spin_chain,16,energy,SLB M=1,4.81013,-3.256578473,0.03384799491
spin_chain,16,energy,SLB M=1,4.87342,-3.258409298,0.03484391114
spin_chain,16,energy,SLB M=1,4.93671,-3.26035322,0.0356258554
spin_chain,16,energy,SLB M=1,5,-3.26238188,0.0361674623
spin_chain,16,energy,SLB M=2,0,-3,0
spin_chain,16,energy,SLB M=2,0.0632911,-3.032489983,0.0151991356
spin_chain,16,energy,SLB M=2,0.126582,-3.058209695,0.02535549685
spin_chain,16,energy,SLB M=2,0.189873,-3.078066283,0.03182281354
spin_chain,16,energy,SLB M=2,0.253165,-3.092912405,0.03600934118
spin_chain,16,energy,SLB M=2,0.316456,-3.10355125,0.03914150967
spin_chain,16,energy,SLB M=2,0.379747,-3.110740805,0.04206389209
spin_chain,16,energy,SLB M=2,0.443038,-3.115196945,0.04516509797
spin_chain,16,energy,SLB M=2,0.506329,-3.117594865,0.04846473407
spin_chain,16,energy,SLB M=2,0.56962,-3.118568133,0.05178171087
spin_chain,16,energy,SLB M=2,0.632911,-3.118704975,0.05487459006
spin_chain,16,energy,SLB M=2,0.696203,-3.11854166,0.05751370105
spin_chain,16,energy,SLB M=2,0.759494,-3.118553373,0.05950611451
spin_chain,16,energy,SLB M=2,0.822785,-3.11914357,0.06070588059
spin_chain,16,energy,SLB M=2,0.886076,-3.12063326,0.06102782752
spin_chain,16,energy,SLB M=2,0.949367,-3.12325191,0.06046805814
spin_chain,16,energy,SLB M=2,1.01266,-3.127131677,0.05912592168
spin_chain,16,energy,SLB M=2,1.07595,-3.132306435,0.05721885449
spin_chain,16,energy,SLB M=2,1.13924,-3.138716538,0.0550794491
spin_chain,16,energy,SLB M=2,1.20253,-3.146219577,0.05312096038
spin_chain,16,energy,SLB M=2,1.26582,-3.15460663,0.05175807434
spin_chain,16,energy,SLB M=2,1.32911,-3.16362286,0.05128835348
spin_chain,16,energy,SLB M=2,1.39241,-3.172990765,0.05178173262
spin_chain,16,energy,SLB M=2,1.4557,-3.182433932,0.05304949837
spin_chain,16,energy,SLB M=2,1.51899,-3.191699317,0.05471692406
spin_chain,16,energy,SLB M=2,1.58228,-3.200575925,0.056346781
spin_chain,16,energy,SLB M=2,1.64557,-3.20890848,0.05754590548
spin_chain,16,energy,SLB M=2,1.70886,-3.216605007,0.0580275894
spin_chain,16,energy,SLB M=2,1.77215,-3.223638012,0.0576371983
spin_chain,16,energy,SLB M=2,1.83544,-3.230039575,0.05635596762
spin_chain,16,energy,SLB M=2,1.89873,-3.235891218,0.05429313404
spin_chain,16,energy,SLB M=2,1.96203,-3.241309978,0.05167018308
spin_chain,16,energy,SLB M=2,2.02532,-3.246432235,0.04879578876
spin_chain,16,energy,SLB M=2,2.08861,-3.25139714,0.04602592907
spin_chain,16,energy,SLB M=2,2.1519,-3.25633119,0.04370265248
spin_chain,16,energy,SLB M=2,2.21519,-3.261335428,0.04207370579
spin_chain,16,energy,SLB M=2,2.27848,-3.266476273,0.04121885019
spin_chain,16,energy,SLB M=2,2.34177,-3.271780572,0.04102648212
spin_chain,16,energy,SLB M=2,2.40506,-3.277234975,0.04124203281
spin_chain,16,energy,SLB M=2,2.46835,-3.282789372,0.04155820527
spin_chain,16,energy,SLB M=2,2.53165,-3.28836366,0.0416964966
spin_chain,16,energy,SLB M=2,2.59494,-3.293856977,0.04145362402
spin_chain,16,energy,SLB M=2,2.65823,-3.299158225,0.04071544162
spin_chain,16,energy,SLB M=2,2.72152,-3.304156842,0.03945142048
spin_chain,16,energy,SLB M=2,2.78481,-3.30875278,0.03770025069
spin_chain,16,energy,SLB M=2,2.8481,-3.3128648,0.03555269682
spin_chain,16,energy,SLB M=2,2.91139,-3.31643653,0.03313439985
spin_chain,16,energy,SLB M=2,2.97468,-3.319439887,0.03058980174
spin_chain,16,energy,SLB M=2,3.03797,-3.321875845,0.02806725642
spin_chain,16,energy,SLB M=2,3.10127,-3.323772697,0.02570493918
spin_chain,16,energy,SLB M=2,3.16456,-3.325182283,0.02361717144
spin_chain,16,energy,SLB M=2,3.22785,-3.326174642,0.02188176116
spin_chain,16,energy,SLB M=2,3.29114,-3.326831762,0.02053111404
spin_chain,16,energy,SLB M=2,3.35443,-3.327241062,0.01955156521
spin_chain,16,energy,SLB M=2,3.41772,-3.327489218,0.01889387031
spin_chain,16,energy,SLB M=2,3.48101,-3.327656708,0.01849222549
spin_chain,16,energy,SLB M=2,3.5443,-3.327813605,0.01828431011
spin_chain,16,energy,SLB M=2,3.60759,-3.32801667,0.01822505733
spin_chain,16,energy,SLB M=2,3.67089,-3.328307875,0.01829116217
spin_chain,16,energy,SLB M=2,3.73418,-3.328714292,0.01847734985
spin_chain,16,energy,SLB M=2,3.79747,-3.329249075,0.01878748221
spin_chain,16,energy,SLB M=2,3.86076,-3.329913397,0.01922410303
spin_chain,16,energy,SLB M=2,3.92405,-3.330698925,0.01977994513
spin_chain,16,energy,SLB M=2,3.98734,-3.331590595,0.02043382757
spin_chain,16,energy,SLB M=2,4.05063,-3.332569335,0.02115161462
spin_chain,16,energy,SLB M=2,4.11392,-3.333614605,0.02189124093
spin_chain,16,energy,SLB M=2,4.17722,-3.334706415,0.02260955239
spin_chain,16,energy,SLB M=2,4.24051,-3.335826895,0.02326899055
spin_chain,16,energy,SLB M=2,4.3038,-3.336961242,0.02384290594
spin_chain,16,energy,SLB M=2,4.36709,-3.33809814,0.02431869919
spin_chain,16,energy,SLB M=2,4.43038,-3.33922972,0.02469881274
spin_chain,16,energy,SLB M=2,4.49367,-3.340351137,0.02499950893
spin_chain,16,energy,SLB M=2,4.55696,-3.341459922,0.02524770738
spin_chain,16,energy,SLB M=2,4.62025,-3.342555223,0.02547622971
spin_chain,16,energy,SLB M=2,4.68354,-3.343637017,0.02571801916
spin_chain,16,energy,SLB M=2,4.74684,-3.344705445,0.02600033054
spin_chain,16,energy,SLB M=2,4.81013,-3.34576029,0.02633990873
spin_chain,16,energy,SLB M=2,4.87342,-3.346800595,0.02674015647
spin_chain,16,energy,SLB M=2,4.93671,-3.347824553,0.02719087075
spin_chain,16,energy,SLB M=2,5,-3.348829493,0.02767024282
spin_chain,16,energy,SLB M=4,0,-3,0
spin_chain,16,energy,SLB M=4,0.0632911,-3.03426913,0.01208325502
spin_chain,16,energy,SLB M=4,0.126582,-3.06476131,0.02308036414
spin_chain,16,energy,SLB M=4,0.189873,-3.091527735,0.03287317577
spin_chain,16,energy,SLB M=4,0.253165,-3.114634592,0.04137945322
spin_chain,16,energy,SLB M=4,0.316456,-3.134206835,0.04856190806
spin_chain,16,energy,SLB M=4,0.379747,-3.150458562,0.05443487171
spin_chain,16,energy,SLB M=4,0.443038,-3.163706057,0.0590661336
spin_chain,16,energy,SLB M=4,0.506329,-3.174362777,0.06257169827
spin_chain,16,energy,SLB M=4,0.56962,-3.18291835,0.06510281012
spin_chain,16,energy,SLB M=4,0.632911,-3.189905775,0.06682674356
spin_chain,16,energy,SLB M=4,0.696203,-3.195862245,0.06790500827
spin_chain,16,energy,SLB M=4,0.759494,-3.201289227,0.06847359889
spin_chain,16,energy,SLB M=4,0.822785,-3.206617008,0.06863028545
spin_chain,16,energy,SLB M=4,0.886076,-3.212177663,0.06843191007
spin_chain,16,energy,SLB M=4,0.949367,-3.218189078,0.06790212947
spin_chain,16,energy,SLB M=4,1.01266,-3.22475083,0.06704658344
spin_chain,16,energy,SLB M=4,1.07595,-3.231851545,0.06587070907
spin_chain,16,energy,SLB M=4,1.13924,-3.239385823,0.06439469665
spin_chain,16,energy,SLB M=4,1.20253,-3.247178135,0.06266142001
spin_chain,16,energy,SLB M=4,1.26582,-3.255010698,0.06073521078
spin_chain,16,energy,SLB M=4,1.32911,-3.262651987,0.05869177375
spin_chain,16,energy,SLB M=4,1.39241,-3.269883215,0.05660216036
spin_chain,16,energy,SLB M=4,1.4557,-3.276520303,0.05451571918
spin_chain,16,energy,SLB M=4,1.51899,-3.282429815,0.0524478815
spin_chain,16,energy,SLB M=4,1.58228,-3.287538038,0.05037735387
spin_chain,16,energy,SLB M=4,1.64557,-3.29183306,0.04825396466
spin_chain,16,energy,SLB M=4,1.70886,-3.295360645,0.04601426693
spin_chain,16,energy,SLB M=4,1.77215,-3.298214938,0.04359957182
spin_chain,16,energy,SLB M=4,1.83544,-3.300525575,0.04097101289
spin_chain,16,energy,SLB M=4,1.89873,-3.302442915,0.03811839929
spin_chain,16,energy,SLB M=4,1.96203,-3.304123003,0.03506225936
spin_chain,16,energy,SLB M=4,2.02532,-3.30571379,0.0318504404
spin_chain,16,energy,SLB M=4,2.08861,-3.307343753,0.02855170642
spin_chain,16,energy,SLB M=4,2.1519,-3.309113717,0.02524900457
spin_chain,16,energy,SLB M=4,2.21519,-3.31109224,0.02203461789
spin_chain,16,energy,SLB M=4,2.27848,-3.313314555,0.01900872949
spin_chain,16,energy,SLB M=4,2.34177,-3.315784695,0.01628150555
spin_chain,16,energy,SLB M=4,2.40506,-3.31848014,0.01397547387
spin_chain,16,energy,SLB M=4,2.46835,-3.32135826,0.01221827693
spin_chain,16,energy,SLB M=4,2.53165,-3.324363587,0.01110878423
spin_chain,16,energy,SLB M=4,2.59494,-3.32743521,0.01065552632
spin_chain,16,energy,SLB M=4,2.65823,-3.33051344,0.01074125033
spin_chain,16,energy,SLB M=4,2.72152,-3.333545305,0.01117004509
spin_chain,16,energy,SLB M=4,2.78481,-3.336488497,0.01175366741
spin_chain,16,energy,SLB M=4,2.8481,-3.33931353,0.01236291363
spin_chain,16,energy,SLB M=4,2.91139,-3.342004337,0.01293559595
spin_chain,16,energy,SLB M=4,2.97468,-3.344557353,0.01346515765
spin_chain,16,energy,SLB M=4,3.03797,-3.3469795,0.01398406899
spin_chain,16,energy,SLB M=4,3.10127,-3.349285427,0.01454535262
spin_chain,16,energy,SLB M=4,3.16456,-3.351494423,0.01520306694
spin_chain,16,energy,SLB M=4,3.22785,-3.35362735,0.01599462869
spin_chain,16,energy,SLB M=4,3.29114,-3.355703957,0.01692967153
spin_chain,16,energy,SLB M=4,3.35443,-3.357740727,0.01798848906
spin_chain,16,energy,SLB M=4,3.41772,-3.359749417,0.01912870891
spin_chain,16,energy,SLB M=4,3.48101,-3.36173638,0.02029589176
spin_chain,16,energy,SLB M=4,3.5443,-3.363702472,0.021433546
spin_chain,16,energy,SLB M=4,3.60759,-3.36564362,0.0224903536
spin_chain,16,energy,SLB M=4,3.67089,-3.367551715,0.02342422972
spin_chain,16,energy,SLB M=4,3.73418,-3.36941584,0.02420382879
spin_chain,16,energy,SLB M=4,3.79747,-3.371223463,0.02480839344
spin_chain,16,energy,SLB M=4,3.86076,-3.372961692,0.02522676199
spin_chain,16,energy,SLB M=4,3.92405,-3.374618267,0.02545597373
spin_chain,16,energy,SLB M=4,3.98734,-3.376182368,0.02549991922
spin_chain,16,energy,SLB M=4,4.05063,-3.377645123,0.02536816475
spin_chain,16,energy,SLB M=4,4.11392,-3.37899989,0.02507502638
spin_chain,16,energy,SLB M=4,4.17722,-3.38024232,0.02463882788
spin_chain,16,energy,SLB M=4,4.24051,-3.38137024,0.02408131705
spin_chain,16,energy,SLB M=4,4.3038,-3.38238345,0.02342706711
spin_chain,16,energy,SLB M=4,4.36709,-3.38328348,0.02270287088
spin_chain,16,energy,SLB M=4,4.43038,-3.384073375,0.02193698864
spin_chain,16,energy,SLB M=4,4.49367,-3.38475749,0.02115833387
spin_chain,16,energy,SLB M=4,4.55696,-3.385341373,0.02039545471
spin_chain,16,energy,SLB M=4,4.62025,-3.38583172,0.01967546203
spin_chain,16,energy,SLB M=4,4.68354,-3.386236363,0.01902284304
spin_chain,16,energy,SLB M=4,4.74684,-3.386564267,0.01845829291
spin_chain,16,energy,SLB M=4,4.81013,-3.386825563,0.01799759042
spin_chain,16,energy,SLB M=4,4.87342,-3.387031497,0.0176507886
spin_chain,16,energy,SLB M=4,4.93671,-3.38719435,0.01742185909
spin_chain,16,energy,SLB M=4,5,-3.38732726,0.01730885581
spin_chain,16,energy,SLB M=8,0,-3,0
spin_chain,16,energy,SLB M=8,0.0632911,-3.030980847,0.004924501674
spin_chain,16,energy,SLB M=8,0.126582,-3.05869879,0.01057721935
spin_chain,16,energy,SLB M=8,0.189873,-3.083454608,0.0169636762
spin_chain,16,energy,SLB M=8,0.253165,-3.105523445,0.02361478392
spin_chain,16,energy,SLB M=8,0.316456,-3.125168755,0.02996569682
spin_chain,16,energy,SLB M=8,0.379747,-3.142652685,0.03556477505
spin_chain,16,energy,SLB M=8,0.443038,-3.15824153,0.04017866098
spin_chain,16,energy,SLB M=8,0.506329,-3.172205922,0.04382811702
spin_chain,16,energy,SLB M=8,0.56962,-3.18481647,0.04675891859
spin_chain,16,energy,SLB M=8,0.632911,-3.19633595,0.04934416509
spin_chain,16,energy,SLB M=8,0.696203,-3.207009715,0.05193313635
spin_chain,16,energy,SLB M=8,0.759494,-3.217055855,0.05470056246
spin_chain,16,energy,SLB M=8,0.822785,-3.22665658,0.05757162708
spin_chain,16,energy,SLB M=8,0.886076,-3.235951847,0.06025782485
spin_chain,16,energy,SLB M=8,0.949367,-3.24503605,0.06236752754
spin_chain,16,energy,SLB M=8,1.01266,-3.253958028,0.06352557989
spin_chain,16,energy,SLB M=8,1.07595,-3.262724292,0.06345959337
spin_chain,16,energy,SLB M=8,1.13924,-3.271305147,0.06204333955
spin_chain,16,energy,SLB M=8,1.20253,-3.27964297,0.05930512066
spin_chain,16,energy,SLB M=8,1.26582,-3.28766194,0.05541225943
spin_chain,16,energy,SLB M=8,1.32911,-3.295278275,0.05064147643
spin_chain,16,energy,SLB M=8,1.39241,-3.30241016,0.04534267062
spin_chain,16,energy,SLB M=8,1.4557,-3.30898654,0.03990136179
spin_chain,16,energy,SLB M=8,1.51899,-3.314954232,0.03470221476
spin_chain,16,energy,SLB M=8,1.58228,-3.320282805,0.03009207662
spin_chain,16,energy,SLB M=8,1.64557,-3.324967138,0.0263371182
spin_chain,16,energy,SLB M=8,1.70886,-3.329027533,0.02357235619
spin_chain,16,energy,SLB M=8,1.77215,-3.332507677,0.02176283176
spin_chain,16,energy,SLB M=8,1.83544,-3.335470795,0.02071759897
spin_chain,16,energy,SLB M=8,1.89873,-3.3379945,0.020168615
spin_chain,16,energy,SLB M=8,1.96203,-3.340164897,0.01986381658
spin_chain,16,energy,SLB M=8,2.02532,-3.342070585,0.01961917491
spin_chain,16,energy,SLB M=8,2.08861,-3.343796995,0.01932460716
spin_chain,16,energy,SLB M=8,2.1519,-3.34542163,0.01892798502
spin_chain,16,energy,SLB M=8,2.21519,-3.34701039,0.0184166313
spin_chain,16,energy,SLB M=8,2.27848,-3.348615315,0.01780340924
spin_chain,16,energy,SLB M=8,2.34177,-3.350273625,0.01711717782
spin_chain,16,energy,SLB M=8,2.40506,-3.3520081,0.01639519931
spin_chain,16,energy,SLB M=8,2.46835,-3.353828512,0.01567554613
spin_chain,16,energy,SLB M=8,2.53165,-3.355733825,0.01498910854
spin_chain,16,energy,SLB M=8,2.59494,-3.357714917,0.0143526045
spin_chain,16,energy,SLB M=8,2.65823,-3.359757443,0.01376504335
spin_chain,16,energy,SLB M=8,2.72152,-3.361844562,0.01320955416
spin_chain,16,energy,SLB M=8,2.78481,-3.363959342,0.01266053667
spin_chain,16,energy,SLB M=8,2.8481,-3.366086575,0.01209401785
spin_chain,16,energy,SLB M=8,2.91139,-3.368214052,0.01149818449
spin_chain,16,energy,SLB M=8,2.97468,-3.370333168,0.01088188824
spin_chain,16,energy,SLB M=8,3.03797,-3.372438962,0.01027973388
spin_chain,16,energy,SLB M=8,3.10127,-3.374529702,0.009752352773
spin_chain,16,energy,SLB M=8,3.16456,-3.376606095,0.009378846739
spin_chain,16,energy,SLB M=8,3.22785,-3.37867033,0.00923785489
spin_chain,16,energy,SLB M=8,3.29114,-3.38072506,0.009379628093
spin_chain,16,energy,SLB M=8,3.35443,-3.382772443,0.009804018461
spin_chain,16,energy,SLB M=8,3.41772,-3.384813365,0.01046133535
spin_chain,16,energy,SLB M=8,3.48101,-3.386846858,0.01127362021
spin_chain,16,energy,SLB M=8,3.5443,-3.388869802,0.01215837906
spin_chain,16,energy,SLB M=8,3.60759,-3.390876887,0.01304316563
spin_chain,16,energy,SLB M=8,3.67089,-3.392860757,0.0138708536
spin_chain,16,energy,SLB M=8,3.73418,-3.394812362,0.01459988364
spin_chain,16,energy,SLB M=8,3.79747,-3.396721433,0.01520255803
spin_chain,16,energy,SLB M=8,3.86076,-3.39857701,0.01566288831
spin_chain,16,energy,SLB M=8,3.92405,-3.40036798,0.01597456048
spin_chain,16,energy,SLB M=8,3.98734,-3.402083613,0.01613908904
spin_chain,16,energy,SLB M=8,4.05063,-3.403713973,0.01616427927
spin_chain,16,energy,SLB M=8,4.11392,-3.40525031,0.01606296996
spin_chain,16,energy,SLB M=8,4.17722,-3.406685348,0.01585201628
spin_chain,16,energy,SLB M=8,4.24051,-3.40801346,0.01555153907
spin_chain,16,energy,SLB M=8,4.3038,-3.409230795,0.01518429262
spin_chain,16,energy,SLB M=8,4.36709,-3.410335353,0.01477497781
spin_chain,16,energy,SLB M=8,4.43038,-3.411326975,0.01434938921
spin_chain,16,energy,SLB M=8,4.49367,-3.412207342,0.01393317966
spin_chain,16,energy,SLB M=8,4.55696,-3.412979927,0.01355010634
spin_chain,16,energy,SLB M=8,4.62025,-3.413649918,0.0132199168
spin_chain,16,energy,SLB M=8,4.68354,-3.41422414,0.0129561757
spin_chain,16,energy,SLB M=8,4.74684,-3.414710925,0.01276451358
spin_chain,16,energy,SLB M=8,4.81013,-3.415119978,0.01264204281
spin_chain,16,energy,SLB M=8,4.87342,-3.415462205,0.01257804895
spin_chain,16,energy,SLB M=8,4.93671,-3.415749472,0.01255604411
spin_chain,16,energy,SLB M=8,5,-3.415994372,0.01255650633
spin_chain,16,energy,SLB M=15,0,-3,0
spin_chain,16,energy,SLB M=15,0.0632911,-3.031893935,0.003607786787
spin_chain,16,energy,SLB M=15,0.126582,-3.060096883,0.007346409832
spin_chain,16,energy,SLB M=15,0.189873,-3.084863817,0.0115302235
spin_chain,16,energy,SLB M=15,0.253165,-3.106517177,0.01610952153
spin_chain,16,energy,SLB M=15,0.316456,-3.125431803,0.02080359083
spin_chain,16,energy,SLB M=15,0.379747,-3.142015783,0.02525953248
spin_chain,16,energy,SLB M=15,0.443038,-3.15668894,0.02916164156
spin_chain,16,energy,SLB M=15,0.506329,-3.16986092,0.03229156927
spin_chain,16,energy,SLB M=15,0.56962,-3.181910723,0.0345515507
spin_chain,16,energy,SLB M=15,0.632911,-3.19316955,0.03595967731
spin_chain,16,energy,SLB M=15,0.696203,-3.203908273,0.03662421895
spin_chain,16,energy,SLB M=15,0.759494,-3.214330425,0.03670460004
spin_chain,16,energy,SLB M=15,0.822785,-3.224570918,0.03636832797
spin_chain,16,energy,SLB M=15,0.886076,-3.234700152,0.03575468075
spin_chain,16,energy,SLB M=15,0.949367,-3.244732605,0.03495463346
spin_chain,16,energy,SLB M=15,1.01266,-3.254638595,0.03401098204
spin_chain,16,energy,SLB M=15,1.07595,-3.26435777,0.03293454556
spin_chain,16,energy,SLB M=15,1.13924,-3.273812815,0.03172618621
spin_chain,16,energy,SLB M=15,1.20253,-3.28292209,0.0303940318
spin_chain,16,energy,SLB M=15,1.26582,-3.291610127,0.02895981316
spin_chain,16,energy,SLB M=15,1.32911,-3.299815403,0.0274543542
spin_chain,16,energy,SLB M=15,1.39241,-3.30749508,0.02590659774
spin_chain,16,energy,SLB M=15,1.4557,-3.31462688,0.02433281862
spin_chain,16,energy,SLB M=15,1.51899,-3.321208433,0.02273167075
spin_chain,16,energy,SLB M=15,1.58228,-3.32725471,0.02108759293
spin_chain,16,energy,SLB M=15,1.64557,-3.332794283,0.01938118809
spin_chain,16,energy,SLB M=15,1.70886,-3.337865003,0.01760218727
spin_chain,16,energy,SLB M=15,1.77215,-3.342509765,0.01576041892
spin_chain,16,energy,SLB M=15,1.83544,-3.346772815,0.0138921208
spin_chain,16,energy,SLB M=15,1.89873,-3.350696888,0.01206096823
spin_chain,16,energy,SLB M=15,1.96203,-3.354321298,0.01035465255
spin_chain,16,energy,SLB M=15,2.02532,-3.357680995,0.008876598614
spin_chain,16,energy,SLB M=15,2.08861,-3.360806443,0.007728720069
spin_chain,16,energy,SLB M=15,2.1519,-3.36372405,0.006978609437
spin_chain,16,energy,SLB M=15,2.21519,-3.366456998,0.006619692255
spin_chain,16,energy,SLB M=15,2.27848,-3.36902615,0.006563027813
spin_chain,16,energy,SLB M=15,2.34177,-3.37145089,0.006681736887
spin_chain,16,energy,SLB M=15,2.40506,-3.373749687,0.006865297663
spin_chain,16,energy,SLB M=15,2.46835,-3.375940388,0.007042145809
spin_chain,16,energy,SLB M=15,2.53165,-3.378040175,0.007175155734
spin_chain,16,energy,SLB M=15,2.59494,-3.380065212,0.00724866122
spin_chain,16,energy,SLB M=15,2.65823,-3.382030208,0.007257283431
spin_chain,16,energy,SLB M=15,2.72152,-3.3839478,0.007199040159
spin_chain,16,energy,SLB M=15,2.78481,-3.38582807,0.007072364822
spin_chain,16,energy,SLB M=15,2.8481,-3.387678175,0.006875800202
spin_chain,16,energy,SLB M=15,2.91139,-3.3895022,0.006609084968
spin_chain,16,energy,SLB M=15,2.97468,-3.391301283,0.006274721987
spin_chain,16,energy,SLB M=15,3.03797,-3.393073985,0.00587979624
spin_chain,16,energy,SLB M=15,3.10127,-3.3948169,0.005438091227
spin_chain,16,energy,SLB M=15,3.16456,-3.39652537,0.004972966382
spin_chain,16,energy,SLB M=15,3.22785,-3.39819434,0.004521332238
spin_chain,16,energy,SLB M=15,3.29114,-3.399819125,0.004137570109
spin_chain,16,energy,SLB M=15,3.35443,-3.401396123,0.003891889995
spin_chain,16,energy,SLB M=15,3.41772,-3.402923327,0.003852185478
spin_chain,16,energy,SLB M=15,3.48101,-3.404400648,0.004048981462
spin_chain,16,energy,SLB M=15,3.5443,-3.40582997,0.004455230798
spin_chain,16,energy,SLB M=15,3.60759,-3.407214997,0.005005511366
spin_chain,16,energy,SLB M=15,3.67089,-3.408560908,0.005628024087
spin_chain,16,energy,SLB M=15,3.73418,-3.40987383,0.00626139673
spin_chain,16,energy,SLB M=15,3.79747,-3.411160275,0.006857850137
spin_chain,16,energy,SLB M=15,3.86076,-3.41242654,0.007381613188
spin_chain,16,energy,SLB M=15,3.92405,-3.413678137,0.007806914318
spin_chain,16,energy,SLB M=15,3.98734,-3.41491935,0.008116439783
spin_chain,16,energy,SLB M=15,4.05063,-3.416152922,0.008300157676
spin_chain,16,energy,SLB M=15,4.11392,-3.417379915,0.008354313907
spin_chain,16,energy,SLB M=15,4.17722,-3.4185997,0.008280375647
spin_chain,16,energy,SLB M=15,4.24051,-3.41981017,0.008084024994
spin_chain,16,energy,SLB M=15,4.3038,-3.421007977,0.00777415466
spin_chain,16,energy,SLB M=15,4.36709,-3.422188957,0.007361929188
spin_chain,16,energy,SLB M=15,4.43038,-3.423348532,0.006859963327
spin_chain,16,energy,SLB M=15,4.49367,-3.424482138,0.006281739098
spin_chain,16,energy,SLB M=15,4.55696,-3.425585602,0.005641195988
spin_chain,16,energy,SLB M=15,4.62025,-3.42665547,0.004952629289
spin_chain,16,energy,SLB M=15,4.68354,-3.427689223,0.004230974132
spin_chain,16,energy,SLB M=15,4.74684,-3.42868541,0.003492810978
spin_chain,16,energy,SLB M=15,4.81013,-3.42964366,0.002758958685
spin_chain,16,energy,SLB M=15,4.87342,-3.43056462,0.002061908698
spin_chain,16,energy,SLB M=15,4.93671,-3.43144981,0.001469275893
spin_chain,16,energy,SLB M=15,5,-3.432301425,0.001140974493
spin_chain,32,energy,reference,0,-4,
spin_chain,32,energy,reference,0.0632911,-4.03122778,
spin_chain,32,energy,reference,0.126582,-4.05991444,
spin_chain,32,energy,reference,0.189873,-4.08631577,
spin_chain,32,energy,reference,0.253165,-4.11065796,
spin_chain,32,energy,reference,0.316456,-4.13314143,
spin_chain,32,energy,reference,0.379747,-4.15394406,
spin_chain,32,energy,reference,0.443038,-4.17322399,
spin_chain,32,energy,reference,0.506329,-4.1911221,
spin_chain,32,energy,reference,0.56962,-4.2077641,
spin_chain,32,energy,reference,0.632911,-4.22326233,
spin_chain,32,energy,reference,0.696203,-4.2377174,
spin_chain,32,energy,reference,0.759494,-4.25121954,
spin_chain,32,energy,reference,0.822785,-4.2638498,
spin_chain,32,energy,reference,0.886076,-4.27568112,
spin_chain,32,energy,reference,0.949367,-4.28677924,
spin_chain,32,energy,reference,1.01266,-4.29720353,
spin_chain,32,energy,reference,1.07595,-4.30700763,
spin_chain,32,energy,reference,1.13924,-4.31624013,
spin_chain,32,energy,reference,1.20253,-4.32494512,
spin_chain,32,energy,reference,1.26582,-4.33316262,
spin_chain,32,energy,reference,1.32911,-4.34092902,
spin_chain,32,energy,reference,1.39241,-4.34827749,
spin_chain,32,energy,reference,1.4557,-4.35523828,
spin_chain,32,energy,reference,1.51899,-4.361839,
spin_chain,32,energy,reference,1.58228,-4.36810492,
spin_chain,32,energy,reference,1.64557,-4.37405916,
spin_chain,32,energy,reference,1.70886,-4.37972293,
spin_chain,32,energy,reference,1.77215,-4.3851157,
spin_chain,32,energy,reference,1.83544,-4.39025535,
spin_chain,32,energy,reference,1.89873,-4.39515836,
spin_chain,32,energy,reference,1.96203,-4.39983987,
spin_chain,32,energy,reference,2.02532,-4.40431387,
spin_chain,32,energy,reference,2.08861,-4.40859327,
spin_chain,32,energy,reference,2.1519,-4.41268999,
spin_chain,32,energy,reference,2.21519,-4.41661507,
spin_chain,32,energy,reference,2.27848,-4.42037872,
spin_chain,32,energy,reference,2.34177,-4.42399042,
spin_chain,32,energy,reference,2.40506,-4.42745894,
spin_chain,32,energy,reference,2.46835,-4.43079245,
spin_chain,32,energy,reference,2.53165,-4.43399852,
spin_chain,32,energy,reference,2.59494,-4.43708421,
spin_chain,32,energy,reference,2.65823,-4.44005609,
spin_chain,32,energy,reference,2.72152,-4.44292028,
spin_chain,32,energy,reference,2.78481,-4.44568247,
spin_chain,32,energy,reference,2.8481,-4.44834801,
spin_chain,32,energy,reference,2.91139,-4.45092185,
spin_chain,32,energy,reference,2.97468,-4.45340866,
spin_chain,32,energy,reference,3.03797,-4.45581279,
spin_chain,32,energy,reference,3.10127,-4.45813831,
spin_chain,32,energy,reference,3.16456,-4.46038904,
spin_chain,32,energy,reference,3.22785,-4.46256855,
spin_chain,32,energy,reference,3.29114,-4.46468021,
spin_chain,32,energy,reference,3.35443,-4.46672716,
spin_chain,32,energy,reference,3.41772,-4.46871238,
spin_chain,32,energy,reference,3.48101,-4.47063864,
spin_chain,32,energy,reference,3.5443,-4.47250857,
spin_chain,32,energy,reference,3.60759,-4.47432464,
spin_chain,32,energy,reference,3.67089,-4.47608917,
spin_chain,32,energy,reference,3.73418,-4.47780436,
spin_chain,32,energy,reference,3.79747,-4.47947227,
spin_chain,32,energy,reference,3.86076,-4.48109485,
spin_chain,32,energy,reference,3.92405,-4.48267396,
spin_chain,32,energy,reference,3.98734,-4.48421133,
spin_chain,32,energy,reference,4.05063,-4.48570861,
spin_chain,32,energy,reference,4.11392,-4.48716737,
spin_chain,32,energy,reference,4.17722,-4.48858908,
spin_chain,32,energy,reference,4.24051,-4.48997515,
spin_chain,32,energy,reference,4.3038,-4.4913269,
spin_chain,32,energy,reference,4.36709,-4.4926456,
spin_chain,32,energy,reference,4.43038,-4.49393244,
spin_chain,32,energy,reference,4.49367,-4.49518855,
spin_chain,32,energy,reference,4.55696,-4.49641503,
spin_chain,32,energy,reference,4.62025,-4.49761289,
spin_chain,32,energy,reference,4.68354,-4.49878312,
spin_chain,32,energy,reference,4.74684,-4.49992665,
spin_chain,32,energy,reference,4.81013,-4.50104437,
spin_chain,32,energy,reference,4.87342,-4.50213712,
spin_chain,32,energy,reference,4.93671,-4.50320571,
spin_chain,32,energy,reference,5,-4.50425092,
spin_chain,32,energy,SLB M=1,0,-4,0
spin_chain,32,energy,SLB M=1,0.0632911,-3.997792345,0.01787643438
spin_chain,32,energy,SLB M=1,0.126582,-3.99032576,0.03881826774
spin_chain,32,energy,SLB M=1,0.189873,-3.980403552,0.05958091689
spin_chain,32,energy,SLB M=1,0.253165,-3.970247942,0.07771659627
spin_chain,32,energy,SLB M=1,0.316456,-3.961503075,0.09170174649
spin_chain,32,energy,SLB M=1,0.379747,-3.95526653,0.100904156
spin_chain,32,energy,SLB M=1,0.443038,-3.952140708,0.105446968
spin_chain,32,energy,SLB M=1,0.506329,-3.952300143,0.1060058017
spin_chain,32,energy,SLB M=1,0.56962,-3.955572605,0.1035695453
spin_chain,32,energy,SLB M=1,0.632911,-3.961531058,0.09919376807
spin_chain,32,energy,SLB M=1,0.696203,-3.96959138,0.09377979544
spin_chain,32,energy,SLB M=1,0.759494,-3.979107992,0.08792181047
spin_chain,32,energy,SLB M=1,0.822785,-3.989458678,0.08186492263
spin_chain,32,energy,SLB M=1,0.886076,-4.000110193,0.07558914632
spin_chain,32,energy,SLB M=1,0.949367,-4.01065915,0.06898378142
spin_chain,32,energy,SLB M=1,1.01266,-4.020846172,0.06204410801
spin_chain,32,energy,SLB M=1,1.07595,-4.030545555,0.05503239201
spin_chain,32,energy,SLB M=1,1.13924,-4.039736142,0.048568151
spin_chain,32,energy,SLB M=1,1.20253,-4.048461288,0.04358393258
spin_chain,32,energy,SLB M=1,1.26582,-4.056786325,0.04099177351
spin_chain,32,energy,SLB M=1,1.32911,-4.064761222,0.04104220244
spin_chain,32,energy,SLB M=1,1.39241,-4.07239388,0.04298616029
spin_chain,32,energy,SLB M=1,1.4557,-4.079637032,0.04554003466
spin_chain,32,energy,SLB M=1,1.51899,-4.08638917,0.04753737661
spin_chain,32,energy,SLB M=1,1.58228,-4.092507357,0.0482067482
spin_chain,32,energy,SLB M=1,1.64557,-4.097828608,0.04718579268
spin_chain,32,energy,SLB M=1,1.70886,-4.102195512,0.0444730328
spin_chain,32,energy,SLB M=1,1.77215,-4.105481698,0.04039653435
spin_chain,32,energy,SLB M=1,1.83544,-4.10761352,0.03562363594
spin_chain,32,energy,SLB M=1,1.89873,-4.10858506,0.03120796752
spin_chain,32,energy,SLB M=1,1.96203,-4.10846482,0.0285347871
spin_chain,32,energy,SLB M=1,2.02532,-4.107393682,0.02874451284
spin_chain,32,energy,SLB M=1,2.08861,-4.105574733,0.03178037532
spin_chain,32,energy,SLB M=1,2.1519,-4.10325646,0.03652111849
spin_chain,32,energy,SLB M=1,2.21519,-4.100711465,0.04178465979
spin_chain,32,energy,SLB M=1,2.27848,-4.098213215,0.04679243085
spin_chain,32,energy,SLB M=1,2.34177,-4.096013265,0.05114396224
spin_chain,32,energy,SLB M=1,2.40506,-4.094321345,0.0547028788
spin_chain,32,energy,SLB M=1,2.46835,-4.093290175,0.0575009608
spin_chain,32,energy,SLB M=1,2.53165,-4.09300623,0.05965818732
spin_chain,32,energy,SLB M=1,2.59494,-4.093487103,0.06131223133
spin_chain,32,energy,SLB M=1,2.65823,-4.094685268,0.06256183982
spin_chain,32,energy,SLB M=1,2.72152,-4.0964975,0.06343435095
spin_chain,32,energy,SLB M=1,2.78481,-4.098778622,0.063884207
spin_chain,32,energy,SLB M=1,2.8481,-4.101357917,0.06381949511
spin_chain,32,energy,SLB M=1,2.91139,-4.104056463,0.06314439922
spin_chain,32,energy,SLB M=1,2.97468,-4.106703582,0.0618026987
spin_chain,32,energy,SLB M=1,3.03797,-4.109150983,0.05981079091
spin_chain,32,energy,SLB M=1,3.10127,-4.111283438,0.05727401217
spin_chain,32,energy,SLB M=1,3.16456,-4.113025325,0.05438410737
spin_chain,32,energy,SLB M=1,3.22785,-4.114342872,0.05139724259
spin_chain,32,energy,SLB M=1,3.29114,-4.11524236,0.04859282365
spin_chain,32,energy,SLB M=1,3.35443,-4.115764875,0.046217054
spin_chain,32,energy,SLB M=1,3.41772,-4.11597858,0.04442425972
spin_chain,32,energy,SLB M=1,3.48101,-4.115969437,0.04324025665
spin_chain,32,energy,SLB M=1,3.5443,-4.115831525,0.04256978923
spin_chain,32,energy,SLB M=1,3.60759,-4.115657842,0.04224710845
spin_chain,32,energy,SLB M=1,3.67089,-4.115532435,0.04210224779
spin_chain,32,energy,SLB M=1,3.73418,-4.115524335,0.0420120344
spin_chain,32,energy,SLB M=1,3.79747,-4.115683713,0.04192104796
spin_chain,32,energy,SLB M=1,3.86076,-4.116040185,0.04183407078
spin_chain,32,energy,SLB M=1,3.92405,-4.116603188,0.0417896066
spin_chain,32,energy,SLB M=1,3.98734,-4.11736403,0.04182595931
spin_chain,32,energy,SLB M=1,4.05063,-4.118299207,0.04195179097
spin_chain,32,energy,SLB M=1,4.11392,-4.119374383,0.04213077239
spin_chain,32,energy,SLB M=1,4.17722,-4.120548647,0.04228416711
spin_chain,32,energy,SLB M=1,4.24051,-4.121778508,0.04230800585
spin_chain,32,energy,SLB M=1,4.3038,-4.123021315,0.04209674028
spin_chain,32,energy,SLB M=1,4.36709,-4.124237885,0.041565255
spin_chain,32,energy,SLB M=1,4.43038,-4.125394205,0.04066445784
spin_chain,32,energy,SLB M=1,4.49367,-4.126462247,0.03938884489
spin_chain,32,energy,SLB M=1,4.55696,-4.127420045,0.03777694345
spin_chain,32,energy,SLB M=1,4.62025,-4.128251168,0.03590614939
spin_chain,32,energy,SLB M=1,4.68354,-4.128943882,0.03388383599
spin_chain,32,energy,SLB M=1,4.74684,-4.129490197,0.0318362526
spin_chain,32,energy,SLB M=1,4.81013,-4.129885023,0.02989674395
spin_chain,32,energy,SLB M=1,4.87342,-4.130125555,0.02819431231
spin_chain,32,energy,SLB M=1,4.93671,-4.13021103,0.026843468
spin_chain,32,energy,SLB M=1,5,-4.130142802,0.02593598317
spin_chain,32,energy,SLB M=2,0,-4,0
spin_chain,32,energy,SLB M=2,0.0632911,-4.012233933,0.01683682793
spin_chain,32,energy,SLB M=2,0.126582,-4.01558901,0.02938159943
spin_chain,32,energy,SLB M=2,0.189873,-4.013471318,0.04092770944
spin_chain,32,energy,SLB M=2,0.253165,-4.008950923,0.05323118627
spin_chain,32,energy,SLB M=2,0.316456,-4.00457531,0.06633691308
spin_chain,32,energy,SLB M=2,0.379747,-4.002261007,0.07933811781
spin_chain,32,energy,SLB M=2,0.443038,-4.003257545,0.09114968221
spin_chain,32,energy,SLB M=2,0.506329,-4.00817316,0.1009169989
spin_chain,32,energy,SLB M=2,0.56962,-4.017049605,0.1081561106
spin_chain,32,energy,SLB M=2,0.632911,-4.02947209,0.1127566852
spin_chain,32,energy,SLB M=2,0.696203,-4.044699877,0.1149168101
spin_chain,32,energy,SLB M=2,0.759494,-4.061803453,0.1150433047
spin_chain,32,energy,SLB M=2,0.822785,-4.079795062,0.1136408687
spin_chain,32,energy,SLB M=2,0.886076,-4.097741358,0.1112129819
spin_chain,32,energy,SLB M=2,0.949367,-4.114849978,0.1081959425
spin_chain,32,energy,SLB M=2,1.01266,-4.13052519,0.1049397892
spin_chain,32,energy,SLB M=2,1.07595,-4.144391695,0.1017332689
spin_chain,32,energy,SLB M=2,1.13924,-4.156289217,0.09885095071
spin_chain,32,energy,SLB M=2,1.20253,-4.166243525,0.0965886742
spin_chain,32,energy,SLB M=2,1.26582,-4.17442145,0.0952557323
spin_chain,32,energy,SLB M=2,1.32911,-4.181078193,0.09511333287
spin_chain,32,energy,SLB M=2,1.39241,-4.186504965,0.09628302825
spin_chain,32,energy,SLB M=2,1.4557,-4.19098367,0.09867789488
spin_chain,32,energy,SLB M=2,1.51899,-4.19475323,0.1020015443
spin_chain,32,energy,SLB M=2,1.58228,-4.197990172,0.1058160811
spin_chain,32,energy,SLB M=2,1.64557,-4.200803417,0.1096401021
spin_chain,32,energy,SLB M=2,1.70886,-4.20324163,0.1130350058
spin_chain,32,energy,SLB M=2,1.77215,-4.20530982,0.1156593136
spin_chain,32,energy,SLB M=2,1.83544,-4.206991145,0.1172905437
spin_chain,32,energy,SLB M=2,1.89873,-4.208269693,0.1178225443
spin_chain,32,energy,SLB M=2,1.96203,-4.209150443,0.1172475022
spin_chain,32,energy,SLB M=2,2.02532,-4.209673485,0.1156301146
spin_chain,32,energy,SLB M=2,2.08861,-4.2099207,0.1130805043
spin_chain,32,energy,SLB M=2,2.1519,-4.210014455,0.1097306019
spin_chain,32,energy,SLB M=2,2.21519,-4.210108895,0.1057175431
spin_chain,32,energy,SLB M=2,2.27848,-4.21037563,0.1011753425
spin_chain,32,energy,SLB M=2,2.34177,-4.210986035,0.09623383306
spin_chain,32,energy,SLB M=2,2.40506,-4.212092845,0.09102182359
spin_chain,32,energy,SLB M=2,2.46835,-4.213813575,0.08567018408
spin_chain,32,energy,SLB M=2,2.53165,-4.21621784,0.08031079457
spin_chain,32,energy,SLB M=2,2.59494,-4.219320123,0.075069021
spin_chain,32,energy,SLB M=2,2.65823,-4.223078658,0.07005017874
spin_chain,32,energy,SLB M=2,2.72152,-4.227400317,0.06532409685
spin_chain,32,energy,SLB M=2,2.78481,-4.232150695,0.06091457197
spin_chain,32,energy,SLB M=2,2.8481,-4.237167943,0.05680088751
spin_chain,32,energy,SLB M=2,2.91139,-4.242278695,0.05293534293
spin_chain,32,energy,SLB M=2,2.97468,-4.247314123,0.04927468031
spin_chain,32,energy,SLB M=2,3.03797,-4.252124513,0.04581794158
spin_chain,32,energy,SLB M=2,3.10127,-4.256590815,0.04264000461
spin_chain,32,energy,SLB M=2,3.16456,-4.2606323,0.039908349
spin_chain,32,energy,SLB M=2,3.22785,-4.264209788,0.0378671804
spin_chain,32,energy,SLB M=2,3.29114,-4.267324515,0.03677332258
spin_chain,32,energy,SLB M=2,3.35443,-4.270013223,0.03679036958
spin_chain,32,energy,SLB M=2,3.41772,-4.272340223,0.03789670037
spin_chain,32,energy,SLB M=2,3.48101,-4.27438768,0.03987890552
spin_chain,32,energy,SLB M=2,3.5443,-4.27624516,0.04241240434
spin_chain,32,energy,SLB M=2,3.60759,-4.27799971,0.04516078431
spin_chain,32,energy,SLB M=2,3.67089,-4.279727268,0.04784060245
spin_chain,32,energy,SLB M=2,3.73418,-4.281486268,0.05024640729
spin_chain,32,energy,SLB M=2,3.79747,-4.283313737,0.05225184965
spin_chain,32,energy,SLB M=2,3.86076,-4.285223995,0.05380019796
spin_chain,32,energy,SLB M=2,3.92405,-4.287209815,0.05489114867
spin_chain,32,energy,SLB M=2,3.98734,-4.289245565,0.05556660121
spin_chain,32,energy,SLB M=2,4.05063,-4.291291825,0.0558966037
spin_chain,32,energy,SLB M=2,4.11392,-4.293300783,0.05596590256
spin_chain,32,energy,SLB M=2,4.17722,-4.295221772,0.05586189235
spin_chain,32,energy,SLB M=2,4.24051,-4.297006425,0.05566438119
spin_chain,32,energy,SLB M=2,4.3038,-4.29861293,0.05543796197
spin_chain,32,energy,SLB M=2,4.36709,-4.300009173,0.0552275637
spin_chain,32,energy,SLB M=2,4.43038,-4.301174545,0.05505734127
spin_chain,32,energy,SLB M=2,4.49367,-4.30210053,0.05493267805
spin_chain,32,energy,SLB M=2,4.55696,-4.302790157,0.05484453013
spin_chain,32,energy,SLB M=2,4.62025,-4.303256603,0.05477497
spin_chain,32,energy,SLB M=2,4.68354,-4.303521207,0.05470273933
spin_chain,32,energy,SLB M=2,4.74684,-4.30361121,0.05460792371
spin_chain,32,energy,SLB M=2,4.81013,-4.303557492,0.05447517344
spin_chain,32,energy,SLB M=2,4.87342,-4.303392497,0.0542953087
spin_chain,32,energy,SLB M=2,4.93671,-4.303148552,0.05406553586
spin_chain,32,energy,SLB M=2,5,-4.302856575,0.05378857193
spin_chain,32,energy,SLB M=4,0,-4,0
spin_chain,32,energy,SLB M=4,0.0632911,-4.018092785,0.01175311251
spin_chain,32,energy,SLB M=4,0.126582,-4.032485907,0.02102868248
spin_chain,32,energy,SLB M=4,0.189873,-4.044696838,0.02977059118
spin_chain,32,energy,SLB M=4,0.253165,-4.055897032,0.03891967843
spin_chain,32,energy,SLB M=4,0.316456,-4.066925,0.04831253316
spin_chain,32,energy,SLB M=4,0.379747,-4.078317742,0.05718260231
spin_chain,32,energy,SLB M=4,0.443038,-4.09035359,0.06468309472
spin_chain,32,energy,SLB M=4,0.506329,-4.103100982,0.0701891297
spin_chain,32,energy,SLB M=4,0.56962,-4.11646928,0.07341799743
spin_chain,32,energy,SLB M=4,0.632911,-4.13025866,0.07443954512
spin_chain,32,energy,SLB M=4,0.696203,-4.144206838,0.0736183608
spin_chain,32,energy,SLB M=4,0.759494,-4.158030585,0.07151008246
spin_chain,32,energy,SLB M=4,0.822785,-4.17146027,0.06872953655
spin_chain,32,energy,SLB M=4,0.886076,-4.1842659,0.06581620943
spin_chain,32,energy,SLB M=4,0.949367,-4.19627379,0.0631357805
spin_chain,32,energy,SLB M=4,1.01266,-4.207373833,0.06085857567
spin_chain,32,energy,SLB M=4,1.07595,-4.217518037,0.05902604998
spin_chain,32,energy,SLB M=4,1.13924,-4.22671207,0.05766550239
spin_chain,32,energy,SLB M=4,1.20253,-4.235002002,0.05688204758
spin_chain,32,energy,SLB M=4,1.26582,-4.24245884,0.0568696942
spin_chain,32,energy,SLB M=4,1.32911,-4.2491633,0.05782880475
spin_chain,32,energy,SLB M=4,1.39241,-4.255193027,0.05983718702
spin_chain,32,energy,SLB M=4,1.4557,-4.26061363,0.06276146579
spin_chain,32,energy,SLB M=4,1.51899,-4.265474387,0.06626713555
spin_chain,32,energy,SLB M=4,1.58228,-4.269808538,0.06990761526
spin_chain,32,energy,SLB M=4,1.64557,-4.273637455,0.07322927962
spin_chain,32,energy,SLB M=4,1.70886,-4.276977603,0.07584842627
spin_chain,32,energy,SLB M=4,1.77215,-4.279848743,0.07749096687
spin_chain,32,energy,SLB M=4,1.83544,-4.282281985,0.07800324306
spin_chain,32,energy,SLB M=4,1.89873,-4.284326225,0.07734460671
spin_chain,32,energy,SLB M=4,1.96203,-4.286052063,0.07556983047
spin_chain,32,energy,SLB M=4,2.02532,-4.28755247,0.07280664315
spin_chain,32,energy,SLB M=4,2.08861,-4.28894008,0.06923218599
spin_chain,32,energy,SLB M=4,2.1519,-4.290341387,0.06505100275
spin_chain,32,energy,SLB M=4,2.21519,-4.291888493,0.06047620509
spin_chain,32,energy,SLB M=4,2.27848,-4.29370935,0.05571486897
spin_chain,32,energy,SLB M=4,2.34177,-4.295917602,0.05095781041
spin_chain,32,energy,SLB M=4,2.40506,-4.29860317,0.04637320144
spin_chain,32,energy,SLB M=4,2.46835,-4.301824555,0.04210303778
spin_chain,32,energy,SLB M=4,2.53165,-4.305603727,0.03826117012
spin_chain,32,energy,SLB M=4,2.59494,-4.309924115,0.03493159734
spin_chain,32,energy,SLB M=4,2.65823,-4.31473184,0.03216651768
spin_chain,32,energy,SLB M=4,2.72152,-4.319940048,0.02998464797
spin_chain,32,energy,SLB M=4,2.78481,-4.32543595,0.02837146443
spin_chain,32,energy,SLB M=4,2.8481,-4.33108971,0.02728333585
spin_chain,32,energy,SLB M=4,2.91139,-4.336764462,0.02665575771
spin_chain,32,energy,SLB M=4,2.97468,-4.342326405,0.02641349718
spin_chain,32,energy,SLB M=4,3.03797,-4.34765414,0.02647934089
spin_chain,32,energy,SLB M=4,3.10127,-4.352646445,0.02677904534
spin_chain,32,energy,SLB M=4,3.16456,-4.357227945,0.02724266872
spin_chain,32,energy,SLB M=4,3.22785,-4.36135228,0.02780384252
spin_chain,32,energy,SLB M=4,3.29114,-4.36500274,0.02839899272
spin_chain,32,energy,SLB M=4,3.35443,-4.368190473,0.02896767551
spin_chain,32,energy,SLB M=4,3.41772,-4.370950668,0.02945425586
spin_chain,32,energy,SLB M=4,3.48101,-4.373337175,0.02981047546
spin_chain,32,energy,SLB M=4,3.5443,-4.375416243,0.02999834769
spin_chain,32,energy,SLB M=4,3.60759,-4.377259905,0.02999270799
spin_chain,32,energy,SLB M=4,3.67089,-4.378939697,0.02978299562
spin_chain,32,energy,SLB M=4,3.73418,-4.380521138,0.02937407935
spin_chain,32,energy,SLB M=4,3.79747,-4.38205938,0.02878607267
spin_chain,32,energy,SLB M=4,3.86076,-4.383596255,0.02805314542
spin_chain,32,energy,SLB M=4,3.92405,-4.385158778,0.02722142918
spin_chain,32,energy,SLB M=4,3.98734,-4.386759067,0.02634602547
spin_chain,32,energy,SLB M=4,4.05063,-4.388395455,0.02548711784
spin_chain,32,energy,SLB M=4,4.11392,-4.390054605,0.02470504561
spin_chain,32,energy,SLB M=4,4.17722,-4.391714272,0.02405459027
spin_chain,32,energy,SLB M=4,4.24051,-4.393346375,0.02357892523
spin_chain,32,energy,SLB M=4,4.3038,-4.394920137,0.02330427227
spin_chain,32,energy,SLB M=4,4.36709,-4.396405002,0.02323675223
spin_chain,32,energy,SLB M=4,4.43038,-4.397773088,0.02336248861
spin_chain,32,energy,SLB M=4,4.49367,-4.39900114,0.02365098228
spin_chain,32,energy,SLB M=4,4.55696,-4.400071852,0.02406064435
spin_chain,32,energy,SLB M=4,4.62025,-4.40097455,0.02454487754
spin_chain,32,energy,SLB M=4,4.68354,-4.401705362,0.02505724853
spin_chain,32,energy,SLB M=4,4.74684,-4.402266893,0.02555520852
spin_chain,32,energy,SLB M=4,4.81013,-4.402667522,0.02600224809
spin_chain,32,energy,SLB M=4,4.87342,-4.40292049,0.02636891703
spin_chain,32,energy,SLB M=4,4.93671,-4.403042848,0.02663295461
spin_chain,32,energy,SLB M=4,5,-4.403054345,0.02677901682
spin_chain,32,energy,SLB M=8,0,-4,0
spin_chain,32,energy,SLB M=8,0.0632911,-4.030439657,0.01495031212
spin_chain,32,energy,SLB M=8,0.126582,-4.05632271,0.02771523994
spin_chain,32,energy,SLB M=8,0.189873,-4.078381757,0.03786714708
spin_chain,32,energy,SLB M=8,0.253165,-4.097377827,0.04529334029
spin_chain,32,energy,SLB M=8,0.316456,-4.114061865,0.05010700692
spin_chain,32,energy,SLB M=8,0.379747,-4.129133945,0.05256823037
spin_chain,32,energy,SLB M=8,0.443038,-4.14320422,0.05302718048
spin_chain,32,energy,SLB M=8,0.506329,-4.156760258,0.05189288751
spin_chain,32,energy,SLB M=8,0.56962,-4.170145377,0.04962111944
spin_chain,32,energy,SLB M=8,0.632911,-4.183550957,0.04670560213
spin_chain,32,energy,SLB M=8,0.696203,-4.19702394,0.04365084892
spin_chain,32,energy,SLB M=8,0.759494,-4.210488195,0.04090651294
spin_chain,32,energy,SLB M=8,0.822785,-4.223776598,0.03876466558
spin_chain,32,energy,SLB M=8,0.886076,-4.23666909,0.03726710017
spin_chain,32,energy,SLB M=8,0.949367,-4.248931715,0.03619990834
spin_chain,32,energy,SLB M=8,1.01266,-4.26035174,0.03519966967
spin_chain,32,energy,SLB M=8,1.07595,-4.270765247,0.03390471573
spin_chain,32,energy,SLB M=8,1.13924,-4.280074808,0.03206908405
spin_chain,32,energy,SLB M=8,1.20253,-4.288256507,0.02961235247
spin_chain,32,energy,SLB M=8,1.26582,-4.295357048,0.0266216041
spin_chain,32,energy,SLB M=8,1.32911,-4.30148271,0.02332898141
spin_chain,32,energy,SLB M=8,1.39241,-4.306782737,0.02007830149
spin_chain,32,energy,SLB M=8,1.4557,-4.31142993,0.01727625107
spin_chain,32,energy,SLB M=8,1.51899,-4.3156012,0.01529705004
spin_chain,32,energy,SLB M=8,1.58228,-4.3194604,0.01431738995
spin_chain,32,energy,SLB M=8,1.64557,-4.323145077,0.01419749158
spin_chain,32,energy,SLB M=8,1.70886,-4.326758187,0.01459801171
spin_chain,32,energy,SLB M=8,1.77215,-4.33036503,0.01522512905
spin_chain,32,energy,SLB M=8,1.83544,-4.333994892,0.01595507072
spin_chain,32,energy,SLB M=8,1.89873,-4.337646663,0.01681142755
spin_chain,32,energy,SLB M=8,1.96203,-4.341297005,0.01787763707
spin_chain,32,energy,SLB M=8,2.02532,-4.344909845,0.01920507653
spin_chain,32,energy,SLB M=8,2.08861,-4.348445685,0.02075835675
spin_chain,32,energy,SLB M=8,2.1519,-4.351869723,0.02241499832
spin_chain,32,energy,SLB M=8,2.21519,-4.355157895,0.02400201165
spin_chain,32,energy,SLB M=8,2.27848,-4.358300348,0.02533920241
spin_chain,32,energy,SLB M=8,2.34177,-4.361302307,0.02627143089
spin_chain,32,energy,SLB M=8,2.40506,-4.364182615,0.02668703577
spin_chain,32,energy,SLB M=8,2.46835,-4.366970405,0.02652574943
spin_chain,32,energy,SLB M=8,2.53165,-4.36970067,0.02577981469
spin_chain,32,energy,SLB M=8,2.59494,-4.372409413,0.02449076445
spin_chain,32,energy,SLB M=8,2.65823,-4.375129078,0.02274376271
spin_chain,32,energy,SLB M=8,2.72152,-4.377884867,0.02066060285
spin_chain,32,energy,SLB M=8,2.78481,-4.380692255,0.01839237184
spin_chain,32,energy,SLB M=8,2.8481,-4.383555913,0.0161118955
spin_chain,32,energy,SLB M=8,2.91139,-4.386470025,0.01400423965
spin_chain,32,energy,SLB M=8,2.97468,-4.38941977,0.01224872032
spin_chain,32,energy,SLB M=8,3.03797,-4.39238366,0.01098200558
spin_chain,32,energy,SLB M=8,3.10127,-4.395336363,0.01024345789
spin_chain,32,energy,SLB M=8,3.16456,-4.398251615,0.009943622677
spin_chain,32,energy,SLB M=8,3.22785,-4.40110486,0.009903525095
spin_chain,32,energy,SLB M=8,3.29114,-4.40387536,0.009936519744
spin_chain,32,energy,SLB M=8,3.35443,-4.40654758,0.0099043449
spin_chain,32,energy,SLB M=8,3.41772,-4.409111812,0.009729629072
spin_chain,32,energy,SLB M=8,3.48101,-4.411564108,0.00938572085
spin_chain,32,energy,SLB M=8,3.5443,-4.413905525,0.008881743973
spin_chain,32,energy,SLB M=8,3.60759,-4.416141002,0.008249536424
spin_chain,32,energy,SLB M=8,3.67089,-4.418277998,0.007533533751
spin_chain,32,energy,SLB M=8,3.73418,-4.42032505,0.006783129861
spin_chain,32,energy,SLB M=8,3.79747,-4.422290558,0.006046944999
spin_chain,32,energy,SLB M=8,3.86076,-4.424181747,0.005368422635
spin_chain,32,energy,SLB M=8,3.92405,-4.426004035,0.004782314154
spin_chain,32,energy,SLB M=8,3.98734,-4.427760755,0.004311731784
spin_chain,32,energy,SLB M=8,4.05063,-4.429453182,0.003966176845
spin_chain,32,energy,SLB M=8,4.11392,-4.43108087,0.003741460387
spin_chain,32,energy,SLB M=8,4.17722,-4.43264214,0.003622656283
spin_chain,32,energy,SLB M=8,4.24051,-4.434134655,0.003589288811
spin_chain,32,energy,SLB M=8,4.3038,-4.435556007,0.003620437662
spin_chain,32,energy,SLB M=8,4.36709,-4.436904205,0.003698058923
spin_chain,32,energy,SLB M=8,4.43038,-4.438178018,0.003808383573
spin_chain,32,energy,SLB M=8,4.49367,-4.439377205,0.003942557462
spin_chain,32,energy,SLB M=8,4.55696,-4.440502558,0.004097205893
spin_chain,32,energy,SLB M=8,4.62025,-4.44155581,0.004274931735
spin_chain,32,energy,SLB M=8,4.68354,-4.442539498,0.004484256393
spin_chain,32,energy,SLB M=8,4.74684,-4.44345671,0.00473826651
spin_chain,32,energy,SLB M=8,4.81013,-4.444310908,0.005051739364
spin_chain,32,energy,SLB M=8,4.87342,-4.445105717,0.005437216506
spin_chain,32,energy,SLB M=8,4.93671,-4.44584481,0.005901327591
spin_chain,32,energy,SLB M=8,5,-4.446531858,0.006442612781
spin_chain,32,energy,SLB M=16,0,-4,0
spin_chain,32,energy,SLB M=16,0.0632911,-4.03092729,0.01026272003
spin_chain,32,energy,SLB M=16,0.126582,-4.058480207,0.01901618802
spin_chain,32,energy,SLB M=16,0.189873,-4.082944578,0.02591757871
spin_chain,32,energy,SLB M=16,0.253165,-4.104689733,0.03090678603
spin_chain,32,energy,SLB M=16,0.316456,-4.124140397,0.03414344124
spin_chain,32,energy,SLB M=16,0.379747,-4.141741505,0.0359201698
spin_chain,32,energy,SLB M=16,0.443038,-4.157921512,0.03656852894
spin_chain,32,energy,SLB M=16,0.506329,-4.173059675,0.03637810212
spin_chain,32,energy,SLB M=16,0.56962,-4.18746138,0.03554887838
spin_chain,32,energy,SLB M=16,0.632911,-4.20134408,0.03418688912
spin_chain,32,energy,SLB M=16,0.696203,-4.214834553,0.03233546287
spin_chain,32,energy,SLB M=16,0.759494,-4.227976458,0.03002092501
spin_chain,32,energy,SLB M=16,0.822785,-4.240746,0.02729044383
spin_chain,32,energy,SLB M=16,0.886076,-4.253072575,0.02422973336
spin_chain,32,energy,SLB M=16,0.949367,-4.264861165,0.02096031474
spin_chain,32,energy,SLB M=16,1.01266,-4.27601346,0.01762366084
spin_chain,32,energy,SLB M=16,1.07595,-4.286445435,0.01436326464
spin_chain,32,energy,SLB M=16,1.13924,-4.29609978,0.01131739874
spin_chain,32,energy,SLB M=16,1.20253,-4.304952735,0.00863902893
spin_chain,32,energy,SLB M=16,1.26582,-4.31301538,0.00656406265
spin_chain,32,energy,SLB M=16,1.32911,-4.320330345,0.005487195716
spin_chain,32,energy,SLB M=16,1.39241,-4.326965205,0.005685357219
spin_chain,32,energy,SLB M=16,1.4557,-4.33300394,0.006792813491
spin_chain,32,energy,SLB M=16,1.51899,-4.33853794,0.00820889566
spin_chain,32,energy,SLB M=16,1.58228,-4.343657705,0.009546601523
spin_chain,32,energy,SLB M=16,1.64557,-4.348446222,0.01058875471
spin_chain,32,energy,SLB M=16,1.70886,-4.35297443,0.01120600325
spin_chain,32,energy,SLB M=16,1.77215,-4.357298998,0.01132700371
spin_chain,32,energy,SLB M=16,1.83544,-4.361462183,0.01093150021
spin_chain,32,energy,SLB M=16,1.89873,-4.365493307,0.01004939328
spin_chain,32,energy,SLB M=16,1.96203,-4.369411357,0.008761111129
spin_chain,32,energy,SLB M=16,2.02532,-4.373227972,0.0072020741
spin_chain,32,energy,SLB M=16,2.08861,-4.376950307,0.005584128491
spin_chain,32,energy,SLB M=16,2.1519,-4.380583342,0.004262075316
spin_chain,32,energy,SLB M=16,2.21519,-4.38413136,0.003769349327
spin_chain,32,energy,SLB M=16,2.27848,-4.387598515,0.004306058062
spin_chain,32,energy,SLB M=16,2.34177,-4.39098865,0.005360244461
spin_chain,32,energy,SLB M=16,2.40506,-4.394304528,0.006444156705
spin_chain,32,energy,SLB M=16,2.46835,-4.397546858,0.007334292838
spin_chain,32,energy,SLB M=16,2.53165,-4.400713397,0.007953538098
spin_chain,32,energy,SLB M=16,2.59494,-4.403798427,0.008302662464
spin_chain,32,energy,SLB M=16,2.65823,-4.406792793,0.00843293799
spin_chain,32,energy,SLB M=16,2.72152,-4.40968456,0.008430922266
spin_chain,32,energy,SLB M=16,2.78481,-4.412460268,0.00840276458
spin_chain,32,energy,SLB M=16,2.8481,-4.41510661,0.008452259083
spin_chain,32,energy,SLB M=16,2.91139,-4.417612325,0.008653707717
spin_chain,32,energy,SLB M=16,2.97468,-4.419970033,0.009031190641
spin_chain,32,energy,SLB M=16,3.03797,-4.422177723,0.009558032986
spin_chain,32,energy,SLB M=16,3.10127,-4.424239765,0.01017567017
spin_chain,32,energy,SLB M=16,3.16456,-4.426167177,0.01081735277
spin_chain,32,energy,SLB M=16,3.22785,-4.427977245,0.01142470958
spin_chain,32,energy,SLB M=16,3.29114,-4.429692355,0.01195510753
spin_chain,32,energy,SLB M=16,3.35443,-4.431338382,0.01238282018
spin_chain,32,energy,SLB M=16,3.41772,-4.432942625,0.0126971601
spin_chain,32,energy,SLB M=16,3.48101,-4.434531642,0.01289933291
spin_chain,32,energy,SLB M=16,3.5443,-4.43612921,0.01299892841
spin_chain,32,energy,SLB M=16,3.60759,-4.437754532,0.01301056635
spin_chain,32,energy,SLB M=16,3.67089,-4.439421003,0.01295092264
spin_chain,32,energy,SLB M=16,3.73418,-4.441135522,0.0128363982
spin_chain,32,energy,SLB M=16,3.79747,-4.442898442,0.01268153801
spin_chain,32,energy,SLB M=16,3.86076,-4.444704095,0.01249840239
spin_chain,32,energy,SLB M=16,3.92405,-4.446541823,0.01229663135
spin_chain,32,energy,SLB M=16,3.98734,-4.448397355,0.01208407775
spin_chain,32,energy,SLB M=16,4.05063,-4.45025436,0.0118675645
spin_chain,32,energy,SLB M=16,4.11392,-4.452096003,0.01165355246
spin_chain,32,energy,SLB M=16,4.17722,-4.453906395,0.01144828248
spin_chain,32,energy,SLB M=16,4.24051,-4.455671725,0.01125748435
spin_chain,32,energy,SLB M=16,4.3038,-4.457381083,0.01108562489
spin_chain,32,energy,SLB M=16,4.36709,-4.45902686,0.01093506865
spin_chain,32,energy,SLB M=16,4.43038,-4.46060479,0.01080541459
spin_chain,32,energy,SLB M=16,4.49367,-4.46211366,0.01069336835
spin_chain,32,energy,SLB M=16,4.55696,-4.46355476,0.01059316303
spin_chain,32,energy,SLB M=16,4.62025,-4.464931163,0.01049760903
spin_chain,32,energy,SLB M=16,4.68354,-4.466246985,0.010399348
spin_chain,32,energy,SLB M=16,4.74684,-4.467506642,0.01029217249
spin_chain,32,energy,SLB M=16,4.81013,-4.468714255,0.01017198717
spin_chain,32,energy,SLB M=16,4.87342,-4.469873185,0.01003740882
spin_chain,32,energy,SLB M=16,4.93671,-4.470985807,0.009889800326
spin_chain,32,energy,SLB M=16,5,-4.47205347,0.0097328804
spin_chain,32,energy,SLB M=32,0,-4,0
spin_chain,32,energy,SLB M=32,0.0632911,-4.031706845,0.006013707118
spin_chain,32,energy,SLB M=32,0.126582,-4.061071225,0.01079531076
spin_chain,32,energy,SLB M=32,0.189873,-4.088268495,0.01411497414
spin_chain,32,energy,SLB M=32,0.253165,-4.113443072,0.01590824119
spin_chain,32,energy,SLB M=32,0.316456,-4.136720075,0.01628666844
spin_chain,32,energy,SLB M=32,0.379747,-4.158213625,0.01552759055
spin_chain,32,energy,SLB M=32,0.443038,-4.178032093,0.01404991302
spin_chain,32,energy,SLB M=32,0.506329,-4.196280898,0.0123738614
spin_chain,32,energy,SLB M=32,0.56962,-4.213063652,0.01103036907
spin_chain,32,energy,SLB M=32,0.632911,-4.228482485,0.01035968402
spin_chain,32,energy,SLB M=32,0.696203,-4.242637995,0.01029856839
spin_chain,32,energy,SLB M=32,0.759494,-4.25562935,0.01046740492
spin_chain,32,energy,SLB M=32,0.822785,-4.267554415,0.01048481566
spin_chain,32,energy,SLB M=32,0.886076,-4.27850996,0.01015039479
spin_chain,32,energy,SLB M=32,0.949367,-4.288591608,0.009462264769
spin_chain,32,energy,SLB M=32,1.01266,-4.297893435,0.008583980958
spin_chain,32,energy,SLB M=32,1.07595,-4.306507017,0.007799191483
spin_chain,32,energy,SLB M=32,1.13924,-4.314519955,0.007413140419
spin_chain,32,energy,SLB M=32,1.20253,-4.322014082,0.0075645757
spin_chain,32,energy,SLB M=32,1.26582,-4.32906351,0.008112910165
spin_chain,32,energy,SLB M=32,1.32911,-4.335732893,0.008772687742
spin_chain,32,energy,SLB M=32,1.39241,-4.342076168,0.00929632513
spin_chain,32,energy,SLB M=32,1.4557,-4.348135998,0.009536916444
spin_chain,32,energy,SLB M=32,1.51899,-4.353944023,0.009439231177
spin_chain,32,energy,SLB M=32,1.58228,-4.35952199,0.009016291124
spin_chain,32,energy,SLB M=32,1.64557,-4.364883543,0.008327566329
spin_chain,32,energy,SLB M=32,1.70886,-4.370036497,0.007460420826
spin_chain,32,energy,SLB M=32,1.77215,-4.374985363,0.00651403249
spin_chain,32,energy,SLB M=32,1.83544,-4.379733705,0.005585141675
spin_chain,32,energy,SLB M=32,1.89873,-4.384286197,0.004754709088
spin_chain,32,energy,SLB M=32,1.96203,-4.38865004,0.004075100914
spin_chain,32,energy,SLB M=32,2.02532,-4.392835695,0.003560478452
spin_chain,32,energy,SLB M=32,2.08861,-4.396856907,0.003188293292
spin_chain,32,energy,SLB M=32,2.1519,-4.400730013,0.002917033769
spin_chain,32,energy,SLB M=32,2.21519,-4.404472785,0.002710734146
spin_chain,32,energy,SLB M=32,2.27848,-4.40810298,0.002553689477
spin_chain,32,energy,SLB M=32,2.34177,-4.411636752,0.002448698656
spin_chain,32,energy,SLB M=32,2.40506,-4.415087287,0.002403621041
spin_chain,32,energy,SLB M=32,2.46835,-4.418463743,0.002416148422
spin_chain,32,energy,SLB M=32,2.53165,-4.42177067,0.002467657707
spin_chain,32,energy,SLB M=32,2.59494,-4.425007987,0.002529386251
spin_chain,32,energy,SLB M=32,2.65823,-4.42817145,0.002574282438
spin_chain,32,energy,SLB M=32,2.72152,-4.4312536,0.002587324146
spin_chain,32,energy,SLB M=32,2.78481,-4.434245045,0.002572833523
spin_chain,32,energy,SLB M=32,2.8481,-4.437135882,0.00255955754
spin_chain,32,energy,SLB M=32,2.91139,-4.439917135,0.002601041526
spin_chain,32,energy,SLB M=32,2.97468,-4.44258204,0.002762622715
spin_chain,32,energy,SLB M=32,3.03797,-4.445127005,0.003091904543
spin_chain,32,energy,SLB M=32,3.10127,-4.4475522,0.003595122966
spin_chain,32,energy,SLB M=32,3.16456,-4.449861735,0.004242609027
spin_chain,32,energy,SLB M=32,3.22785,-4.452063383,0.004989556604
spin_chain,32,energy,SLB M=32,3.29114,-4.454167962,0.005790517543
spin_chain,32,energy,SLB M=32,3.35443,-4.456188445,0.006604937177
spin_chain,32,energy,SLB M=32,3.41772,-4.45813888,0.007398559619
spin_chain,32,energy,SLB M=32,3.48101,-4.460033278,0.008143746607
spin_chain,32,energy,SLB M=32,3.5443,-4.461884582,0.008819479714
spin_chain,32,energy,SLB M=32,3.60759,-4.463703788,0.009411320521
spin_chain,32,energy,SLB M=32,3.67089,-4.46549929,0.009911037498
spin_chain,32,energy,SLB M=32,3.73418,-4.467276567,0.01031600411
spin_chain,32,energy,SLB M=32,3.79747,-4.469038083,0.01062826391
spin_chain,32,energy,SLB M=32,3.86076,-4.470783502,0.01085336876
spin_chain,32,energy,SLB M=32,3.92405,-4.47251012,0.01099908897
spin_chain,32,energy,SLB M=32,3.98734,-4.47421344,0.01107413564
spin_chain,32,energy,SLB M=32,4.05063,-4.475887842,0.01108706502
spin_chain,32,energy,SLB M=32,4.11392,-4.477527268,0.01104543112
spin_chain,32,energy,SLB M=32,4.17722,-4.479125843,0.01095529097
spin_chain,32,energy,SLB M=32,4.24051,-4.48067841,0.01082103427
spin_chain,32,energy,SLB M=32,4.3038,-4.482180918,0.01064555728
spin_chain,32,energy,SLB M=32,4.36709,-4.483630632,0.01043060058
spin_chain,32,energy,SLB M=32,4.43038,-4.48502624,0.01017723109
spin_chain,32,energy,SLB M=32,4.49367,-4.486367748,0.009886389547
spin_chain,32,energy,SLB M=32,4.55696,-4.487656335,0.009559353535
spin_chain,32,energy,SLB M=32,4.62025,-4.488894088,0.009198237356
spin_chain,32,energy,SLB M=32,4.68354,-4.490083713,0.008806344908
spin_chain,32,energy,SLB M=32,4.74684,-4.491228233,0.008388482739
spin_chain,32,energy,SLB M=32,4.81013,-4.492330737,0.007951219026
spin_chain,32,energy,SLB M=32,4.87342,-4.493394158,0.007503040322
spin_chain,32,energy,SLB M=32,4.93671,-4.49442111,0.00705437166
spin_chain,32,energy,SLB M=32,5,-4.495413837,0.006617466808
spin_chain,64,energy,reference,0,-5,
spin_chain,64,energy,reference,0.0632911,-5.03311432,
spin_chain,64,energy,reference,0.126582,-5.06363592,
spin_chain,64,energy,reference,0.189873,-5.09181981,
spin_chain,64,energy,reference,0.253165,-5.11789145,
spin_chain,64,energy,reference,0.316456,-5.14205069,
spin_chain,64,energy,reference,0.379747,-5.16447506,
spin_chain,64,energy,reference,0.443038,-5.18532264,
spin_chain,64,energy,reference,0.506329,-5.20473453,
spin_chain,64,energy,reference,0.56962,-5.22283688,
spin_chain,64,energy,reference,0.632911,-5.23974277,
spin_chain,64,energy,reference,0.696203,-5.25555374,
spin_chain,64,energy,reference,0.759494,-5.27036113,
spin_chain,64,energy,reference,0.822785,-5.28424728,
spin_chain,64,energy,reference,0.886076,-5.29728652,
spin_chain,64,energy,reference,0.949367,-5.30954609,
spin_chain,64,energy,reference,1.01266,-5.32108692,
spin_chain,64,energy,reference,1.07595,-5.33196427,
spin_chain,64,energy,reference,1.13924,-5.34222838,
spin_chain,64,energy,reference,1.20253,-5.35192495,
spin_chain,64,energy,reference,1.26582,-5.36109566,
spin_chain,64,energy,reference,1.32911,-5.36977851,
spin_chain,64,energy,reference,1.39241,-5.37800826,
spin_chain,64,energy,reference,1.4557,-5.38581669,
spin_chain,64,energy,reference,1.51899,-5.39323292,
spin_chain,64,energy,reference,1.58228,-5.40028366,
spin_chain,64,energy,reference,1.64557,-5.40699343,
spin_chain,64,energy,reference,1.70886,-5.41338479,
spin_chain,64,energy,reference,1.77215,-5.41947847,
spin_chain,64,energy,reference,1.83544,-5.4252936,
spin_chain,64,energy,reference,1.89873,-5.4308478,
spin_chain,64,energy,reference,1.96203,-5.43615733,
spin_chain,64,energy,reference,2.02532,-5.44123725,
spin_chain,64,energy,reference,2.08861,-5.44610145,
spin_chain,64,energy,reference,2.1519,-5.45076282,
spin_chain,64,energy,reference,2.21519,-5.45523328,
spin_chain,64,energy,reference,2.27848,-5.4595239,
spin_chain,64,energy,reference,2.34177,-5.46364497,
spin_chain,64,energy,reference,2.40506,-5.46760603,
spin_chain,64,energy,reference,2.46835,-5.47141596,
spin_chain,64,energy,reference,2.53165,-5.47508302,
spin_chain,64,energy,reference,2.59494,-5.47861492,
spin_chain,64,energy,reference,2.65823,-5.48201885,
spin_chain,64,energy,reference,2.72152,-5.48530149,
spin_chain,64,energy,reference,2.78481,-5.48846912,
spin_chain,64,energy,reference,2.8481,-5.49152758,
spin_chain,64,energy,reference,2.91139,-5.49448234,
spin_chain,64,energy,reference,2.97468,-5.49733852,
spin_chain,64,energy,reference,3.03797,-5.50010093,
spin_chain,64,energy,reference,3.10127,-5.50277407,
spin_chain,64,energy,reference,3.16456,-5.50536216,
spin_chain,64,energy,reference,3.22785,-5.50786917,
spin_chain,64,energy,reference,3.29114,-5.51029882,
spin_chain,64,energy,reference,3.35443,-5.51265462,
spin_chain,64,energy,reference,3.41772,-5.51493988,
spin_chain,64,energy,reference,3.48101,-5.51715769,
spin_chain,64,energy,reference,3.5443,-5.51931099,
spin_chain,64,energy,reference,3.60759,-5.52140253,
spin_chain,64,energy,reference,3.67089,-5.52343493,
spin_chain,64,energy,reference,3.73418,-5.52541065,
spin_chain,64,energy,reference,3.79747,-5.52733202,
spin_chain,64,energy,reference,3.86076,-5.52920124,
spin_chain,64,energy,reference,3.92405,-5.53102039,
spin_chain,64,energy,reference,3.98734,-5.53279144,
spin_chain,64,energy,reference,4.05063,-5.53451627,
spin_chain,64,energy,reference,4.11392,-5.53619664,
spin_chain,64,energy,reference,4.17722,-5.53783425,
spin_chain,64,energy,reference,4.24051,-5.53943068,
spin_chain,64,energy,reference,4.3038,-5.54098746,
spin_chain,64,energy,reference,4.36709,-5.54250603,
spin_chain,64,energy,reference,4.43038,-5.54398777,
spin_chain,64,energy,reference,4.49367,-5.54543397,
spin_chain,64,energy,reference,4.55696,-5.54684588,
spin_chain,64,energy,reference,4.62025,-5.54822469,
spin_chain,64,energy,reference,4.68354,-5.54957153,
spin_chain,64,energy,reference,4.74684,-5.55088748,
spin_chain,64,energy,reference,4.81013,-5.55217357,
spin_chain,64,energy,reference,4.87342,-5.55343077,
spin_chain,64,energy,reference,4.93671,-5.55466004,
spin_chain,64,energy,reference,5,-5.55586226,
spin_chain,64,energy,SLB M=1,0,-5,0
spin_chain,64,energy,SLB M=1,0.0632911,-5.01543237,0.03021641355
spin_chain,64,energy,SLB M=1,0.126582,-5.013380058,0.04287501163
spin_chain,64,energy,SLB M=1,0.189873,-4.999561442,0.0431557103
spin_chain,64,energy,SLB M=1,0.253165,-4.978987648,0.03687169534
spin_chain,64,energy,SLB M=1,0.316456,-4.955816565,0.03160221076
spin_chain,64,energy,SLB M=1,0.379747,-4.93326949,0.0347685607
spin_chain,64,energy,SLB M=1,0.443038,-4.913612995,0.04487725789
spin_chain,64,energy,SLB M=1,0.506329,-4.898205083,0.05582731072
spin_chain,64,energy,SLB M=1,0.56962,-4.887598422,0.06399735257
spin_chain,64,energy,SLB M=1,0.632911,-4.881687255,0.06782893359
spin_chain,64,energy,SLB M=1,0.696203,-4.879880212,0.06688660573
spin_chain,64,energy,SLB M=1,0.759494,-4.881279938,0.0614285999
spin_chain,64,energy,SLB M=1,0.822785,-4.884852055,0.05218644368
spin_chain,64,energy,SLB M=1,0.886076,-4.88956991,0.04028558585
spin_chain,64,energy,SLB M=1,0.949367,-4.89452653,0.02753306507
spin_chain,64,energy,SLB M=1,1.01266,-4.89901014,0.01841303604
spin_chain,64,energy,SLB M=1,1.07595,-4.902544002,0.02172648934
spin_chain,64,energy,SLB M=1,1.13924,-4.904894287,0.03408107077
spin_chain,64,energy,SLB M=1,1.20253,-4.906051528,0.04829153354
spin_chain,64,energy,SLB M=1,1.26582,-4.906192378,0.06211918358
spin_chain,64,energy,SLB M=1,1.32911,-4.905628393,0.07481667845
spin_chain,64,energy,SLB M=1,1.39241,-4.904748475,0.08608025218
spin_chain,64,energy,SLB M=1,1.4557,-4.903961253,0.09581001362
spin_chain,64,energy,SLB M=1,1.51899,-4.90364277,0.104022325
spin_chain,64,energy,SLB M=1,1.58228,-4.904094125,0.1107942759
spin_chain,64,energy,SLB M=1,1.64557,-4.905512145,0.1162154875
spin_chain,64,energy,SLB M=1,1.70886,-4.90797495,0.1203468418
spin_chain,64,energy,SLB M=1,1.77215,-4.911442337,0.1231940007
spin_chain,64,energy,SLB M=1,1.83544,-4.915769498,0.1247034897
spin_chain,64,energy,SLB M=1,1.89873,-4.920731072,0.1247840536
spin_chain,64,energy,SLB M=1,1.96203,-4.926051747,0.1233476942
spin_chain,64,energy,SLB M=1,2.02532,-4.931439072,0.1203589567
spin_chain,64,energy,SLB M=1,2.08861,-4.93661451,0.1158786897
spin_chain,64,energy,SLB M=1,2.1519,-4.941339315,0.110090757
spin_chain,64,energy,SLB M=1,2.21519,-4.945432843,0.1033038874
spin_chain,64,energy,SLB M=1,2.27848,-4.948782212,0.09592537411
spin_chain,64,energy,SLB M=1,2.34177,-4.951343247,0.08840777264
spin_chain,64,energy,SLB M=1,2.40506,-4.953133828,0.08117596136
spin_chain,64,energy,SLB M=1,2.46835,-4.95422137,0.07455168285
spin_chain,64,energy,SLB M=1,2.53165,-4.954706675,0.06870425338
spin_chain,64,energy,SLB M=1,2.59494,-4.954706568,0.0636591913
spin_chain,64,energy,SLB M=1,2.65823,-4.954337363,0.05937786072
spin_chain,64,energy,SLB M=1,2.72152,-4.953701092,0.0558836653
spin_chain,64,energy,SLB M=1,2.78481,-4.95287564,0.05337511767
spin_chain,64,energy,SLB M=1,2.8481,-4.951909473,0.05224770851
spin_chain,64,energy,SLB M=1,2.91139,-4.950821018,0.05295841023
spin_chain,64,energy,SLB M=1,2.97468,-4.949602193,0.05576456848
spin_chain,64,energy,SLB M=1,3.03797,-4.948225187,0.06052722845
spin_chain,64,energy,SLB M=1,3.10127,-4.946651333,0.06674614709
spin_chain,64,energy,SLB M=1,3.16456,-4.94484081,0.07375206557
spin_chain,64,energy,SLB M=1,3.22785,-4.942761922,0.08088349185
spin_chain,64,energy,SLB M=1,3.29114,-4.94039891,0.0875813133
spin_chain,64,energy,SLB M=1,3.35443,-4.937757535,0.09342261165
spin_chain,64,energy,SLB M=1,3.41772,-4.93486792,0.09812438987
spin_chain,64,energy,SLB M=1,3.48101,-4.93178459,0.1015340243
spin_chain,64,energy,SLB M=1,3.5443,-4.92858378,0.1036127368
spin_chain,64,energy,SLB M=1,3.60759,-4.92535858,0.1044150301
spin_chain,64,energy,SLB M=1,3.67089,-4.922212362,0.1040660892
spin_chain,64,energy,SLB M=1,3.73418,-4.919251362,0.1027394507
spin_chain,64,energy,SLB M=1,3.79747,-4.91657699,0.1006370705
spin_chain,64,energy,SLB M=1,3.86076,-4.914278655,0.09797368772
spin_chain,64,energy,SLB M=1,3.92405,-4.912427658,0.09496635979
spin_chain,64,energy,SLB M=1,3.98734,-4.911072605,0.09182898376
spin_chain,64,energy,SLB M=1,4.05063,-4.910236582,0.0887702599
spin_chain,64,energy,SLB M=1,4.11392,-4.909916327,0.0859927484
spin_chain,64,energy,SLB M=1,4.17722,-4.910083255,0.08369007384
spin_chain,64,energy,SLB M=1,4.24051,-4.91068622,0.08204026167
spin_chain,64,energy,SLB M=1,4.3038,-4.911655745,0.08119456972
spin_chain,64,energy,SLB M=1,4.36709,-4.912909233,0.08126385565
spin_chain,64,energy,SLB M=1,4.43038,-4.914356843,0.08230650957
spin_chain,64,energy,SLB M=1,4.49367,-4.915907488,0.08432226068
spin_chain,64,energy,SLB M=1,4.55696,-4.917474513,0.08725382081
spin_chain,64,energy,SLB M=1,4.62025,-4.918980692,0.0909950411
spin_chain,64,energy,SLB M=1,4.68354,-4.92036218,0.09540203193
spin_chain,64,energy,SLB M=1,4.74684,-4.92157119,0.1003041635
spin_chain,64,energy,SLB M=1,4.81013,-4.922577265,0.1055135737
spin_chain,64,energy,SLB M=1,4.87342,-4.92336718,0.1108334261
spin_chain,64,energy,SLB M=1,4.93671,-4.923943515,0.1160657515
spin_chain,64,energy,SLB M=1,5,-4.92432211,0.1210196109
spin_chain,64,energy,SLB M=2,0,-5,0
spin_chain,64,energy,SLB M=2,0.0632911,-5.00966428,0.02245129139
spin_chain,64,energy,SLB M=2,0.126582,-5.011885757,0.03703475343
spin_chain,64,energy,SLB M=2,0.189873,-5.0090236,0.04748878936
spin_chain,64,energy,SLB M=2,0.253165,-5.00320987,0.0575043844
spin_chain,64,energy,SLB M=2,0.316456,-4.996266375,0.0693466043
spin_chain,64,energy,SLB M=2,0.379747,-4.98963668,0.08305284312
spin_chain,64,energy,SLB M=2,0.443038,-4.984347693,0.09709224937
spin_chain,64,energy,SLB M=2,0.506329,-4.98101033,0.1094947295
spin_chain,64,energy,SLB M=2,0.56962,-4.979860045,0.118566504
spin_chain,64,energy,SLB M=2,0.632911,-4.980829413,0.1231917577
spin_chain,64,energy,SLB M=2,0.696203,-4.983639378,0.122918794
spin_chain,64,energy,SLB M=2,0.759494,-4.987894295,0.1179402844
spin_chain,64,energy,SLB M=2,0.822785,-4.99316759,0.1090154605
spin_chain,64,energy,SLB M=2,0.886076,-4.99906918,0.09736199772
spin_chain,64,energy,SLB M=2,0.949367,-5.00529038,0.08453581009
spin_chain,64,energy,SLB M=2,1.01266,-5.01162651,0.07229239805
spin_chain,64,energy,SLB M=2,1.07595,-5.017980233,0.06235430565
spin_chain,64,energy,SLB M=2,1.13924,-5.02435038,0.05593271939
spin_chain,64,energy,SLB M=2,1.20253,-5.030811245,0.05309108412
spin_chain,64,energy,SLB M=2,1.26582,-5.037486752,0.05267340341
spin_chain,64,energy,SLB M=2,1.32911,-5.044523208,0.05313401336
spin_chain,64,energy,SLB M=2,1.39241,-5.052063142,0.05337419369
spin_chain,64,energy,SLB M=2,1.4557,-5.06022238,0.05299159273
spin_chain,64,energy,SLB M=2,1.51899,-5.06907169,0.05216858585
spin_chain,64,energy,SLB M=2,1.58228,-5.07862411,0.05145914122
spin_chain,64,energy,SLB M=2,1.64557,-5.088828785,0.05153566304
spin_chain,64,energy,SLB M=2,1.70886,-5.099571553,0.05291144147
spin_chain,64,energy,SLB M=2,1.77215,-5.110682108,0.05573545989
spin_chain,64,energy,SLB M=2,1.83544,-5.121947008,0.05978123478
spin_chain,64,energy,SLB M=2,1.89873,-5.133127015,0.06460448253
spin_chain,64,energy,SLB M=2,1.96203,-5.143976992,0.06972023318
spin_chain,64,energy,SLB M=2,2.02532,-5.154266093,0.07470479853
spin_chain,64,energy,SLB M=2,2.08861,-5.16379615,0.07922696722
spin_chain,64,energy,SLB M=2,2.1519,-5.172416297,0.0830459811
spin_chain,64,energy,SLB M=2,2.21519,-5.180032385,0.0860029672
spin_chain,64,energy,SLB M=2,2.27848,-5.186610458,0.08801646624
spin_chain,64,energy,SLB M=2,2.34177,-5.192174237,0.08908266169
spin_chain,64,energy,SLB M=2,2.40506,-5.19679721,0.08927648171
spin_chain,64,energy,SLB M=2,2.46835,-5.200590593,0.08874867054
spin_chain,64,energy,SLB M=2,2.53165,-5.203688712,0.08771467112
spin_chain,64,energy,SLB M=2,2.59494,-5.206233585,0.0864330088
spin_chain,64,energy,SLB M=2,2.65823,-5.208360407,0.08517347579
spin_chain,64,energy,SLB M=2,2.72152,-5.210185412,0.08417965412
spin_chain,64,energy,SLB M=2,2.78481,-5.211797208,0.08363383769
spin_chain,64,energy,SLB M=2,2.8481,-5.213252143,0.08363474335
spin_chain,64,energy,SLB M=2,2.91139,-5.214573892,0.08419526072
spin_chain,64,energy,SLB M=2,2.97468,-5.21575683,0.08525954508
spin_chain,64,energy,SLB M=2,3.03797,-5.216772492,0.08673116203
spin_chain,64,energy,SLB M=2,3.10127,-5.217578165,0.08850086695
spin_chain,64,energy,SLB M=2,3.16456,-5.218126383,0.09046594445
spin_chain,64,energy,SLB M=2,3.22785,-5.21837431,0.09253864428
spin_chain,64,energy,SLB M=2,3.29114,-5.218291938,0.0946460082
spin_chain,64,energy,SLB M=2,3.35443,-5.217868343,0.09672510976
spin_chain,64,energy,SLB M=2,3.41772,-5.21711545,0.09871777217
spin_chain,64,energy,SLB M=2,3.48101,-5.21606912,0.1005671534
spin_chain,64,energy,SLB M=2,3.5443,-5.21478758,0.1022172004
spin_chain,64,energy,SLB M=2,3.60759,-5.21334753,0.103614683
spin_chain,64,energy,SLB M=2,3.67089,-5.211838485,0.1047127515
spin_chain,64,energy,SLB M=2,3.73418,-5.21035593,0.1054750044
spin_chain,64,energy,SLB M=2,3.79747,-5.208994108,0.1058791213
spin_chain,64,energy,SLB M=2,3.86076,-5.207839028,0.1059195734
spin_chain,64,energy,SLB M=2,3.92405,-5.20696243,0.1056091063
spin_chain,64,energy,SLB M=2,3.98734,-5.206417185,0.1049790396
spin_chain,64,energy,SLB M=2,4.05063,-5.206234438,0.1040782599
spin_chain,64,energy,SLB M=2,4.11392,-5.206422668,0.1029709872
spin_chain,64,energy,SLB M=2,4.17722,-5.206968695,0.1017332635
spin_chain,64,energy,SLB M=2,4.24051,-5.207840342,0.1004480537
spin_chain,64,energy,SLB M=2,4.3038,-5.208990485,0.09919916876
spin_chain,64,energy,SLB M=2,4.36709,-5.210361975,0.09806423136
spin_chain,64,energy,SLB M=2,4.43038,-5.211892997,0.09710731178
spin_chain,64,energy,SLB M=2,4.49367,-5.213522325,0.09637222459
spin_chain,64,energy,SLB M=2,4.55696,-5.215193987,0.09587766176
spin_chain,64,energy,SLB M=2,4.62025,-5.21686102,0.09561507969
spin_chain,64,energy,SLB M=2,4.68354,-5.218488008,0.09555011424
spin_chain,64,energy,SLB M=2,4.74684,-5.220052293,0.09562728417
spin_chain,64,energy,SLB M=2,4.81013,-5.221543878,0.09577722001
spin_chain,64,energy,SLB M=2,4.87342,-5.222964128,0.0959252463
spin_chain,64,energy,SLB M=2,4.93671,-5.224323535,0.09599991377
spin_chain,64,energy,SLB M=2,5,-5.22563889,0.09594043621
spin_chain,64,energy,SLB M=4,0,-5,0
spin_chain,64,energy,SLB M=4,0.0632911,-5.035425225,0.03092548208
spin_chain,64,energy,SLB M=4,0.126582,-5.060147585,0.05142259536
spin_chain,64,energy,SLB M=4,0.189873,-5.075853733,0.06248000336
spin_chain,64,energy,SLB M=4,0.253165,-5.084382015,0.06542591274
spin_chain,64,energy,SLB M=4,0.316456,-5.08761227,0.06184611163
spin_chain,64,energy,SLB M=4,0.379747,-5.0873568,0.0534808013
spin_chain,64,energy,SLB M=4,0.443038,-5.085262382,0.0421196794
spin_chain,64,energy,SLB M=4,0.506329,-5.082732175,0.02954241233
spin_chain,64,energy,SLB M=4,0.56962,-5.08087368,0.01770167645
spin_chain,64,energy,SLB M=4,0.632911,-5.080475215,0.01032305463
spin_chain,64,energy,SLB M=4,0.696203,-5.082009695,0.01283693666
spin_chain,64,energy,SLB M=4,0.759494,-5.08566179,0.01910707135
spin_chain,64,energy,SLB M=4,0.822785,-5.091372635,0.02453153407
spin_chain,64,energy,SLB M=4,0.886076,-5.098895755,0.02854267821
spin_chain,64,energy,SLB M=4,0.949367,-5.10785796,0.0314785891
spin_chain,64,energy,SLB M=4,1.01266,-5.117819733,0.0338926535
spin_chain,64,energy,SLB M=4,1.07595,-5.128330565,0.03626094095
spin_chain,64,energy,SLB M=4,1.13924,-5.138975733,0.03881303165
spin_chain,64,energy,SLB M=4,1.20253,-5.149412122,0.04151612679
spin_chain,64,energy,SLB M=4,1.26582,-5.159391655,0.04419201194
spin_chain,64,energy,SLB M=4,1.32911,-5.168772038,0.04666977415
spin_chain,64,energy,SLB M=4,1.39241,-5.1775154,0.04889120957
spin_chain,64,energy,SLB M=4,1.4557,-5.185676495,0.05094134971
spin_chain,64,energy,SLB M=4,1.51899,-5.19338269,0.05301068062
spin_chain,64,energy,SLB M=4,1.58228,-5.200808755,0.05531052421
spin_chain,64,energy,SLB M=4,1.64557,-5.208149407,0.05797706105
spin_chain,64,energy,SLB M=4,1.70886,-5.215592795,0.06100725922
spin_chain,64,energy,SLB M=4,1.77215,-5.223297452,0.06425421974
spin_chain,64,energy,SLB M=4,1.83544,-5.23137482,0.06747447121
spin_chain,64,energy,SLB M=4,1.89873,-5.239878553,0.07039587172
spin_chain,64,energy,SLB M=4,1.96203,-5.248801037,0.07277660835
spin_chain,64,energy,SLB M=4,2.02532,-5.25807669,0.07444169656
spin_chain,64,energy,SLB M=4,2.08861,-5.26759101,0.07529661784
spin_chain,64,energy,SLB M=4,2.1519,-5.277193735,0.07532368235
spin_chain,64,energy,SLB M=4,2.21519,-5.286714352,0.0745678119
spin_chain,64,energy,SLB M=4,2.27848,-5.295978047,0.07311762741
spin_chain,64,energy,SLB M=4,2.34177,-5.30482044,0.07108672264
spin_chain,64,energy,SLB M=4,2.40506,-5.313099695,0.06859833044
spin_chain,64,energy,SLB M=4,2.46835,-5.320705215,0.06577520351
spin_chain,64,energy,SLB M=4,2.53165,-5.327562435,0.06273493225
spin_chain,64,energy,SLB M=4,2.59494,-5.333633825,0.05958946194
spin_chain,64,energy,SLB M=4,2.65823,-5.33891657,0.05644707637
spin_chain,64,energy,SLB M=4,2.72152,-5.343437703,0.05341466565
spin_chain,64,energy,SLB M=4,2.78481,-5.347247588,0.05059879973
spin_chain,64,energy,SLB M=4,2.8481,-5.35041273,0.04810457599
spin_chain,64,energy,SLB M=4,2.91139,-5.353008777,0.04603189427
spin_chain,64,energy,SLB M=4,2.97468,-5.35511436,0.04446910873
spin_chain,64,energy,SLB M=4,3.03797,-5.356806273,0.04348455442
spin_chain,64,energy,SLB M=4,3.10127,-5.358156203,0.04311726642
spin_chain,64,energy,SLB M=4,3.16456,-5.359228977,0.04336913785
spin_chain,64,energy,SLB M=4,3.22785,-5.360082108,0.04420135747
spin_chain,64,energy,SLB M=4,3.29114,-5.360766362,0.04553656073
spin_chain,64,energy,SLB M=4,3.35443,-5.361326903,0.04726656911
spin_chain,64,energy,SLB M=4,3.41772,-5.361804607,0.04926321817
spin_chain,64,energy,SLB M=4,3.48101,-5.362237258,0.05139014108
spin_chain,64,energy,SLB M=4,3.5443,-5.362660335,0.05351349721
spin_chain,64,energy,SLB M=4,3.60759,-5.363107237,0.05551104725
spin_chain,64,energy,SLB M=4,3.67089,-5.363608972,0.05727914313
spin_chain,64,energy,SLB M=4,3.73418,-5.364193348,0.05873770396
spin_chain,64,energy,SLB M=4,3.79747,-5.364883885,0.05983310499
spin_chain,64,energy,SLB M=4,3.86076,-5.3656986,0.06053913883
spin_chain,64,energy,SLB M=4,3.92405,-5.36664894,0.06085607826
spin_chain,64,energy,SLB M=4,3.98734,-5.36773905,0.06080818147
spin_chain,64,energy,SLB M=4,4.05063,-5.368965535,0.0604398169
spin_chain,64,energy,SLB M=4,4.11392,-5.370317805,0.05981059547
spin_chain,64,energy,SLB M=4,4.17722,-5.37177901,0.05898993013
spin_chain,64,energy,SLB M=4,4.24051,-5.373327488,0.05805125679
spin_chain,64,energy,SLB M=4,4.3038,-5.37493864,0.05706645103
spin_chain,64,energy,SLB M=4,4.36709,-5.376586952,0.0561006584
spin_chain,64,energy,SLB M=4,4.43038,-5.378248095,0.05520802246
spin_chain,64,energy,SLB M=4,4.49367,-5.379900735,0.0544286315
spin_chain,64,energy,SLB M=4,4.55696,-5.381528035,0.05378695667
spin_chain,64,energy,SLB M=4,4.62025,-5.383118605,0.05329192129
spin_chain,64,energy,SLB M=4,4.68354,-5.384666857,0.05293851835
spin_chain,64,energy,SLB M=4,4.74684,-5.386172758,0.0527106136
spin_chain,64,energy,SLB M=4,4.81013,-5.387641055,0.05258442063
spin_chain,64,energy,SLB M=4,4.87342,-5.389080042,0.05253218008
spin_chain,64,energy,SLB M=4,4.93671,-5.390500033,0.0525254599
spin_chain,64,energy,SLB M=4,5,-5.391911725,0.05253781228
spin_chain,64,energy,SLB M=8,0,-5,0
spin_chain,64,energy,SLB M=8,0.0632911,-5.03049871,0.02486778713
spin_chain,64,energy,SLB M=8,0.126582,-5.054087468,0.04586273318
spin_chain,64,energy,SLB M=8,0.189873,-5.07190012,0.06290276891
spin_chain,64,energy,SLB M=8,0.253165,-5.085076505,0.07602777989
spin_chain,64,energy,SLB M=8,0.316456,-5.094738255,0.08542622349
spin_chain,64,energy,SLB M=8,0.379747,-5.101960055,0.09141810651
spin_chain,64,energy,SLB M=8,0.443038,-5.107738673,0.09441221554
spin_chain,64,energy,SLB M=8,0.506329,-5.112962523,0.09485730719
spin_chain,64,energy,SLB M=8,0.56962,-5.1183845,0.09320336729
spin_chain,64,energy,SLB M=8,0.632911,-5.12460048,0.08988181884
spin_chain,64,energy,SLB M=8,0.696203,-5.132035423,0.08530559175
spin_chain,64,energy,SLB M=8,0.759494,-5.140938513,0.07988305692
spin_chain,64,energy,SLB M=8,0.822785,-5.151388058,0.07403616201
spin_chain,64,energy,SLB M=8,0.886076,-5.163306102,0.06821131427
spin_chain,64,energy,SLB M=8,0.949367,-5.176482017,0.06287038822
spin_chain,64,energy,SLB M=8,1.01266,-5.190603315,0.05844944878
spin_chain,64,energy,SLB M=8,1.07595,-5.20529146,0.05528138757
spin_chain,64,energy,SLB M=8,1.13924,-5.220139782,0.05350641624
spin_chain,64,energy,SLB M=8,1.20253,-5.234750465,0.05302828818
spin_chain,64,energy,SLB M=8,1.26582,-5.248767625,0.05356162862
spin_chain,64,energy,SLB M=8,1.32911,-5.261903895,0.05474521605
spin_chain,64,energy,SLB M=8,1.39241,-5.273958585,0.05624903642
spin_chain,64,energy,SLB M=8,1.4557,-5.284826372,0.05782892395
spin_chain,64,energy,SLB M=8,1.51899,-5.294496385,0.05933039711
spin_chain,64,energy,SLB M=8,1.58228,-5.303042525,0.06066437858
spin_chain,64,energy,SLB M=8,1.64557,-5.310606642,0.06177566395
spin_chain,64,energy,SLB M=8,1.70886,-5.31737685,0.06261720861
spin_chain,64,energy,SLB M=8,1.77215,-5.32356355,0.06313638956
spin_chain,64,energy,SLB M=8,1.83544,-5.32937578,0.06327390729
spin_chain,64,energy,SLB M=8,1.89873,-5.33500033,0.06297214723
spin_chain,64,energy,SLB M=8,1.96203,-5.34058541,0.0621880889
spin_chain,64,energy,SLB M=8,2.02532,-5.346230218,0.06090575724
spin_chain,64,energy,SLB M=8,2.08861,-5.351980818,0.05914466317
spin_chain,64,energy,SLB M=8,2.1519,-5.35783208,0.05696247236
spin_chain,64,energy,SLB M=8,2.21519,-5.363734872,0.05445164665
spin_chain,64,energy,SLB M=8,2.27848,-5.36960707,0.05173084211
spin_chain,64,energy,SLB M=8,2.34177,-5.37534682,0.04893243898
spin_chain,64,energy,SLB M=8,2.40506,-5.380846375,0.04618797338
spin_chain,64,energy,SLB M=8,2.46835,-5.386004962,0.04361339204
spin_chain,64,energy,SLB M=8,2.53165,-5.3907394,0.04129650672
spin_chain,64,energy,SLB M=8,2.59494,-5.394991703,0.03928878733
spin_chain,64,energy,SLB M=8,2.65823,-5.398733192,0.03760338676
spin_chain,64,energy,SLB M=8,2.72152,-5.401965178,0.0362194259
spin_chain,64,energy,SLB M=8,2.78481,-5.404716545,0.0350908735
spin_chain,64,energy,SLB M=8,2.8481,-5.407038995,0.03415700885
spin_chain,64,energy,SLB M=8,2.91139,-5.409000667,0.03335142023
spin_chain,64,energy,SLB M=8,2.97468,-5.410679058,0.03260823245
spin_chain,64,energy,SLB M=8,3.03797,-5.412154008,0.03186558953
spin_chain,64,energy,SLB M=8,3.10127,-5.413501502,0.03106752233
spin_chain,64,energy,SLB M=8,3.16456,-5.414788713,0.03016544829
spin_chain,64,energy,SLB M=8,3.22785,-5.416070562,0.02911998681
spin_chain,64,energy,SLB M=8,3.29114,-5.417387942,0.02790321296
spin_chain,64,energy,SLB M=8,3.35443,-5.418767435,0.02650101922
spin_chain,64,energy,SLB M=8,3.41772,-5.420222305,0.02491502497
spin_chain,64,energy,SLB M=8,3.48101,-5.421754472,0.02316357819
spin_chain,64,energy,SLB M=8,3.5443,-5.423357048,0.02128147453
spin_chain,64,energy,SLB M=8,3.60759,-5.42501712,0.01931830994
spin_chain,64,energy,SLB M=8,3.67089,-5.426718463,0.01733542868
spin_chain,64,energy,SLB M=8,3.73418,-5.428443908,0.01540159461
spin_chain,64,energy,SLB M=8,3.79747,-5.43017728,0.01358742883
spin_chain,64,energy,SLB M=8,3.86076,-5.43190475,0.01195856484
spin_chain,64,energy,SLB M=8,3.92405,-5.433615635,0.01056762757
spin_chain,64,energy,SLB M=8,3.98734,-5.435302705,0.009445977808
spin_chain,64,energy,SLB M=8,4.05063,-5.43696211,0.008598255395
spin_chain,64,energy,SLB M=8,4.11392,-5.438592965,0.008004004209
spin_chain,64,energy,SLB M=8,4.17722,-5.440196805,0.007628489998
spin_chain,64,energy,SLB M=8,4.24051,-5.441776932,0.007438023695
spin_chain,64,energy,SLB M=8,4.3038,-5.443337792,0.007410912693
spin_chain,64,energy,SLB M=8,4.36709,-5.44488441,0.007538506757
spin_chain,64,energy,SLB M=8,4.43038,-5.44642188,0.007817610263
spin_chain,64,energy,SLB M=8,4.49367,-5.447954992,0.008240650948
spin_chain,64,energy,SLB M=8,4.55696,-5.449487925,0.00878989788
spin_chain,64,energy,SLB M=8,4.62025,-5.451024025,0.009437910877
spin_chain,64,energy,SLB M=8,4.68354,-5.452565592,0.01015220334
spin_chain,64,energy,SLB M=8,4.74684,-5.454113775,0.01090075035
spin_chain,64,energy,SLB M=8,4.81013,-5.45566842,0.01165618597
spin_chain,64,energy,SLB M=8,4.87342,-5.457228028,0.01239813289
spin_chain,64,energy,SLB M=8,4.93671,-5.45878966,0.01311393206
spin_chain,64,energy,SLB M=8,5,-5.460349002,0.01379827786
spin_chain,64,energy,SLB M=16,0,-5,0
spin_chain,64,energy,SLB M=16,0.0632911,-5.028112362,0.007003219108
spin_chain,64,energy,SLB M=16,0.126582,-5.052342123,0.01188300188
spin_chain,64,energy,SLB M=16,0.189873,-5.073460208,0.01454846554
spin_chain,64,energy,SLB M=16,0.253165,-5.092109227,0.01511287
spin_chain,64,energy,SLB M=16,0.316456,-5.10881272,0.01399093354
spin_chain,64,energy,SLB M=16,0.379747,-5.12399174,0.0121378706
spin_chain,64,energy,SLB M=16,0.443038,-5.13798438,0.01147561339
spin_chain,64,energy,SLB M=16,0.506329,-5.151064818,0.01399928754
spin_chain,64,energy,SLB M=16,0.56962,-5.16345973,0.01930823743
spin_chain,64,energy,SLB M=16,0.632911,-5.175360737,0.02594620623
spin_chain,64,energy,SLB M=16,0.696203,-5.186932595,0.03295481053
spin_chain,64,energy,SLB M=16,0.759494,-5.19831721,0.03977610741
spin_chain,64,energy,SLB M=16,0.822785,-5.209634235,0.04605658373
spin_chain,64,energy,SLB M=16,0.886076,-5.220979245,0.05156290851
spin_chain,64,energy,SLB M=16,0.949367,-5.232420742,0.05614471807
spin_chain,64,energy,SLB M=16,1.01266,-5.243997187,0.05971529502
spin_chain,64,energy,SLB M=16,1.07595,-5.255715248,0.06224072706
spin_chain,64,energy,SLB M=16,1.13924,-5.26755009,0.06373407863
spin_chain,64,energy,SLB M=16,1.20253,-5.279448148,0.06425211343
spin_chain,64,energy,SLB M=16,1.26582,-5.291332312,0.06389221283
spin_chain,64,energy,SLB M=16,1.32911,-5.303109213,0.06278706312
spin_chain,64,energy,SLB M=16,1.39241,-5.314677665,0.06109553911
spin_chain,64,energy,SLB M=16,1.4557,-5.32593744,0.05898914881
spin_chain,64,energy,SLB M=16,1.51899,-5.33679731,0.05663523964
spin_chain,64,energy,SLB M=16,1.58228,-5.34718154,0.05417997158
spin_chain,64,energy,SLB M=16,1.64557,-5.357034275,0.05173524942
spin_chain,64,energy,SLB M=16,1.70886,-5.36632147,0.04937374652
spin_chain,64,energy,SLB M=16,1.77215,-5.375030525,0.04713380286
spin_chain,64,energy,SLB M=16,1.83544,-5.38316793,0.04503226017
spin_chain,64,energy,SLB M=16,1.89873,-5.390755453,0.04307980236
spin_chain,64,energy,SLB M=16,1.96203,-5.397825588,0.04129214545
spin_chain,64,energy,SLB M=16,2.02532,-5.404416888,0.03969208623
spin_chain,64,energy,SLB M=16,2.08861,-5.41056969,0.03830139022
spin_chain,64,energy,SLB M=16,2.1519,-5.416322745,0.03712613034
spin_chain,64,energy,SLB M=16,2.21519,-5.421710858,0.0361427256
spin_chain,64,energy,SLB M=16,2.27848,-5.42676365,0.03529211322
spin_chain,64,energy,SLB M=16,2.34177,-5.431505298,0.03448594408
spin_chain,64,energy,SLB M=16,2.40506,-5.43595504,0.03362261148
spin_chain,64,energy,SLB M=16,2.46835,-5.440128175,0.03260703434
spin_chain,64,energy,SLB M=16,2.53165,-5.444037285,0.0313677712
spin_chain,64,energy,SLB M=16,2.59494,-5.447693455,0.02986781667
spin_chain,64,energy,SLB M=16,2.65823,-5.451107275,0.02810814649
spin_chain,64,energy,SLB M=16,2.72152,-5.454289603,0.02612507431
spin_chain,64,energy,SLB M=16,2.78481,-5.457251982,0.02398301366
spin_chain,64,energy,SLB M=16,2.8481,-5.460006815,0.02176441213
spin_chain,64,energy,SLB M=16,2.91139,-5.462567303,0.0195583589
spin_chain,64,energy,SLB M=16,2.97468,-5.46494727,0.01744905052
spin_chain,64,energy,SLB M=16,3.03797,-5.46716096,0.01550564107
spin_chain,64,energy,SLB M=16,3.10127,-5.469222825,0.01377504368
spin_chain,64,energy,SLB M=16,3.16456,-5.471147368,0.01227980761
spin_chain,64,energy,SLB M=16,3.22785,-5.472949085,0.01102249074
spin_chain,64,energy,SLB M=16,3.29114,-5.474642422,0.009996089898
spin_chain,64,energy,SLB M=16,3.35443,-5.47624176,0.009196716798
spin_chain,64,energy,SLB M=16,3.41772,-5.477761392,0.008632173838
spin_chain,64,energy,SLB M=16,3.48101,-5.479215465,0.008319876599
spin_chain,64,energy,SLB M=16,3.5443,-5.480617805,0.008272714217
spin_chain,64,energy,SLB M=16,3.60759,-5.481981725,0.008480950728
spin_chain,64,energy,SLB M=16,3.67089,-5.48331975,0.00890431781
spin_chain,64,energy,SLB M=16,3.73418,-5.484643275,0.009480039176
spin_chain,64,energy,SLB M=16,3.79747,-5.485962265,0.01013875899
spin_chain,64,energy,SLB M=16,3.86076,-5.487284972,0.010817818
spin_chain,64,energy,SLB M=16,3.92405,-5.488617778,0.01146812238
spin_chain,64,energy,SLB M=16,3.98734,-5.48996507,0.01205604581
spin_chain,64,energy,SLB M=16,4.05063,-5.491329345,0.0125625719
spin_chain,64,energy,SLB M=16,4.11392,-5.492711372,0.01298112713
spin_chain,64,energy,SLB M=16,4.17722,-5.4941105,0.01331485133
spin_chain,64,energy,SLB M=16,4.24051,-5.495525055,0.01357371657
spin_chain,64,energy,SLB M=16,4.3038,-5.49695274,0.01377170037
spin_chain,64,energy,SLB M=16,4.36709,-5.498391085,0.01392427477
spin_chain,64,energy,SLB M=16,4.43038,-5.499837765,0.01404639723
spin_chain,64,energy,SLB M=16,4.49367,-5.501290907,0.01415102752
spin_chain,64,energy,SLB M=16,4.55696,-5.502749225,0.01424830827
spin_chain,64,energy,SLB M=16,4.62025,-5.50421203,0.01434522337
spin_chain,64,energy,SLB M=16,4.68354,-5.505679162,0.01444562901
spin_chain,64,energy,SLB M=16,4.74684,-5.507150747,0.01455052667
spin_chain,64,energy,SLB M=16,4.81013,-5.508626937,0.01465842886
spin_chain,64,energy,SLB M=16,4.87342,-5.510107613,0.01476579584
spin_chain,64,energy,SLB M=16,4.93671,-5.511592063,0.0148674493
spin_chain,64,energy,SLB M=16,5,-5.51307875,0.01495711199
spin_chain,64,energy,SLB M=32,0,-5,0
spin_chain,64,energy,SLB M=32,0.0632911,-5.03232933,0.00605345226
spin_chain,64,energy,SLB M=32,0.126582,-5.060359258,0.01071341173
spin_chain,64,energy,SLB M=32,0.189873,-5.08474678,0.01383247074
spin_chain,64,energy,SLB M=32,0.253165,-5.106150093,0.0154553848
spin_chain,64,energy,SLB M=32,0.316456,-5.125205432,0.0158305168
spin_chain,64,energy,SLB M=32,0.379747,-5.14250528,0.01541728403
spin_chain,64,energy,SLB M=32,0.443038,-5.158578845,0.01487303538
spin_chain,64,energy,SLB M=32,0.506329,-5.173876007,0.01493090484
spin_chain,64,energy,SLB M=32,0.56962,-5.188755625,0.01607447429
spin_chain,64,energy,SLB M=32,0.632911,-5.20347905,0.01827261832
spin_chain,64,energy,SLB M=32,0.696203,-5.218209255,0.0211501771
spin_chain,64,energy,SLB M=32,0.759494,-5.233015632,0.02431169174
spin_chain,64,energy,SLB M=32,0.822785,-5.24788398,0.02747306767
spin_chain,64,energy,SLB M=32,0.886076,-5.262730985,0.03044869709
spin_chain,64,energy,SLB M=32,0.949367,-5.27742192,0.03310430942
spin_chain,64,energy,SLB M=32,1.01266,-5.291790335,0.03531990597
spin_chain,64,energy,SLB M=32,1.07595,-5.305658138,0.03697370061
spin_chain,64,energy,SLB M=32,1.13924,-5.318854635,0.0379459644
spin_chain,64,energy,SLB M=32,1.20253,-5.33123321,0.03813653211
spin_chain,64,energy,SLB M=32,1.26582,-5.34268438,0.03748779989
spin_chain,64,energy,SLB M=32,1.32911,-5.353144572,0.03600628383
spin_chain,64,energy,SLB M=32,1.39241,-5.362600093,0.03377832782
spin_chain,64,energy,SLB M=32,1.4557,-5.371086378,0.0309785006
spin_chain,64,energy,SLB M=32,1.51899,-5.378682865,0.02787010152
spin_chain,64,energy,SLB M=32,1.58228,-5.385504352,0.02479527792
spin_chain,64,energy,SLB M=32,1.64557,-5.391689835,0.02214180955
spin_chain,64,energy,SLB M=32,1.70886,-5.397390028,0.02025974549
spin_chain,64,energy,SLB M=32,1.77215,-5.40275488,0.01931970661
spin_chain,64,energy,SLB M=32,1.83544,-5.40792213,0.01920540339
spin_chain,64,energy,SLB M=32,1.89873,-5.413007928,0.01957563257
spin_chain,64,energy,SLB M=32,1.96203,-5.418100187,0.02004706399
spin_chain,64,energy,SLB M=32,2.02532,-5.42325502,0.02032933629
spin_chain,64,energy,SLB M=32,2.08861,-5.42849628,0.02026164491
spin_chain,64,energy,SLB M=32,2.1519,-5.433817953,0.01979582227
spin_chain,64,energy,SLB M=32,2.21519,-5.439188877,0.01896537088
spin_chain,64,energy,SLB M=32,2.27848,-5.444559107,0.01785506596
spin_chain,64,energy,SLB M=32,2.34177,-5.449867145,0.01657420559
spin_chain,64,energy,SLB M=32,2.40506,-5.455047272,0.0152338447
spin_chain,64,energy,SLB M=32,2.46835,-5.460036292,0.01392860344
spin_chain,64,energy,SLB M=32,2.53165,-5.464779163,0.01272449444
spin_chain,64,energy,SLB M=32,2.59494,-5.46923309,0.01165476421
spin_chain,64,energy,SLB M=32,2.65823,-5.473369985,0.01072439666
spin_chain,64,energy,SLB M=32,2.72152,-5.477177255,0.00992102193
spin_chain,64,energy,SLB M=32,2.78481,-5.480657095,0.009227253919
spin_chain,64,energy,SLB M=32,2.8481,-5.483824593,0.008629059215
spin_chain,64,energy,SLB M=32,2.91139,-5.486705,0.008117844222
spin_chain,64,energy,SLB M=32,2.97468,-5.489330568,0.007687441271
spin_chain,64,energy,SLB M=32,3.03797,-5.491737298,0.007329685007
spin_chain,64,energy,SLB M=32,3.10127,-5.49396192,0.007032331991
spin_chain,64,energy,SLB M=32,3.16456,-5.496039367,0.006781012737
spin_chain,64,energy,SLB M=32,3.22785,-5.498000848,0.006564264596
spin_chain,64,energy,SLB M=32,3.29114,-5.499872645,0.00637882256
spin_chain,64,energy,SLB M=32,3.35443,-5.501675507,0.006232329071
spin_chain,64,energy,SLB M=32,3.41772,-5.503424725,0.006141700303
spin_chain,64,energy,SLB M=32,3.48101,-5.505130612,0.006127069418
spin_chain,64,energy,SLB M=32,3.5443,-5.506799325,0.006203128248
spin_chain,64,energy,SLB M=32,3.60759,-5.508433888,0.006371776251
spin_chain,64,energy,SLB M=32,3.67089,-5.510035252,0.006619958834
spin_chain,64,energy,SLB M=32,3.73418,-5.511603303,0.006923331469
spin_chain,64,energy,SLB M=32,3.79747,-5.51313773,0.007252944764
spin_chain,64,energy,SLB M=32,3.86076,-5.514638675,0.007581517131
spin_chain,64,energy,SLB M=32,3.92405,-5.51610723,0.007887378164
spin_chain,64,energy,SLB M=32,3.98734,-5.51754564,0.008156048591
spin_chain,64,energy,SLB M=32,4.05063,-5.51895741,0.008380029533
spin_chain,64,energy,SLB M=32,4.11392,-5.52034716,0.008557652745
spin_chain,64,energy,SLB M=32,4.17722,-5.521720408,0.008691479796
spin_chain,64,energy,SLB M=32,4.24051,-5.52308329,0.008786593762
spin_chain,64,energy,SLB M=32,4.3038,-5.524442173,0.008849157377
spin_chain,64,energy,SLB M=32,4.36709,-5.525803317,0.008885265995
spin_chain,64,energy,SLB M=32,4.43038,-5.52717251,0.00890019716
spin_chain,64,energy,SLB M=32,4.49367,-5.528554732,0.008898057142
spin_chain,64,energy,SLB M=32,4.55696,-5.529953922,0.008881711433
spin_chain,64,energy,SLB M=32,4.62025,-5.531372727,0.008852887783
spin_chain,64,energy,SLB M=32,4.68354,-5.532812352,0.008812411725
spin_chain,64,energy,SLB M=32,4.74684,-5.53427249,0.008760427783
spin_chain,64,energy,SLB M=32,4.81013,-5.535751288,0.008696599978
spin_chain,64,energy,SLB M=32,4.87342,-5.537245408,0.008620276911
spin_chain,64,energy,SLB M=32,4.93671,-5.538750115,0.008530661067
spin_chain,64,energy,SLB M=32,5,-5.540259487,0.00842687403
spin_chain,64,energy,SLB M=64,0,-5,0
spin_chain,64,energy,SLB M=64,0.0632911,-5.03294774,0.004767866923
spin_chain,64,energy,SLB M=64,0.126582,-5.062450877,0.009214023698
spin_chain,64,energy,SLB M=64,0.189873,-5.088919495,0.01317234158
spin_chain,64,energy,SLB M=64,0.253165,-5.112743502,0.01645001197
spin_chain,64,energy,SLB M=64,0.316456,-5.13428887,0.01886356346
spin_chain,64,energy,SLB M=64,0.379747,-5.153895515,0.02027844018
spin_chain,64,energy,SLB M=64,0.443038,-5.171876065,0.02064638062
spin_chain,64,energy,SLB M=64,0.506329,-5.188514637,0.02003878916
spin_chain,64,energy,SLB M=64,0.56962,-5.20406531,0.01867942488
spin_chain,64,energy,SLB M=64,0.632911,-5.218750163,0.0169804844
spin_chain,64,energy,SLB M=64,0.696203,-5.232757175,0.01556022847
spin_chain,64,energy,SLB M=64,0.759494,-5.246238362,0.01511878782
spin_chain,64,energy,SLB M=64,0.822785,-5.259308648,0.01603104223
spin_chain,64,energy,SLB M=64,0.886076,-5.272046028,0.018039133
spin_chain,64,energy,SLB M=64,0.949367,-5.284493225,0.02053281309
spin_chain,64,energy,SLB M=64,1.01266,-5.296661145,0.0229488693
spin_chain,64,energy,SLB M=64,1.07595,-5.308533963,0.02489881598
spin_chain,64,energy,SLB M=64,1.13924,-5.320075678,0.02615310853
spin_chain,64,energy,SLB M=64,1.20253,-5.331237555,0.02660532136
spin_chain,64,energy,SLB M=64,1.26582,-5.341965942,0.02624333076
spin_chain,64,energy,SLB M=64,1.32911,-5.352209773,0.0251265624
spin_chain,64,energy,SLB M=64,1.39241,-5.361927085,0.02336643473
spin_chain,64,energy,SLB M=64,1.4557,-5.371090045,0.02110864558
spin_chain,64,energy,SLB M=64,1.51899,-5.379688082,0.01851738841
spin_chain,64,energy,SLB M=64,1.58228,-5.387728992,0.01576196578
spin_chain,64,energy,SLB M=64,1.64557,-5.395238057,0.01300679695
spin_chain,64,energy,SLB M=64,1.70886,-5.402255447,0.01040577445
spin_chain,64,energy,SLB M=64,1.77215,-5.408832355,0.008102563103
spin_chain,64,energy,SLB M=64,1.83544,-5.41502637,0.006236968003
spin_chain,64,energy,SLB M=64,1.89873,-5.420896605,0.004945768842
spin_chain,64,energy,SLB M=64,1.96203,-5.426499195,0.004311665356
spin_chain,64,energy,SLB M=64,2.02532,-5.431883525,0.004250704912
spin_chain,64,energy,SLB M=64,2.08861,-5.43708945,0.004533193978
spin_chain,64,energy,SLB M=64,2.1519,-5.442145785,0.004960025632
spin_chain,64,energy,SLB M=64,2.21519,-5.447069898,0.005433155902
spin_chain,64,energy,SLB M=64,2.27848,-5.45186847,0.005918988788
spin_chain,64,energy,SLB M=64,2.34177,-5.456539065,0.006405858839
spin_chain,64,energy,SLB M=64,2.40506,-5.461072307,0.006881972854
spin_chain,64,energy,SLB M=64,2.46835,-5.465454383,0.00732938577
spin_chain,64,energy,SLB M=64,2.53165,-5.469669535,0.007726382069
spin_chain,64,energy,SLB M=64,2.59494,-5.473702423,0.008052432353
spin_chain,64,energy,SLB M=64,2.65823,-5.477540012,0.008292325331
spin_chain,64,energy,SLB M=64,2.72152,-5.481173037,0.008438175997
spin_chain,64,energy,SLB M=64,2.78481,-5.484596897,0.008489277834
spin_chain,64,energy,SLB M=64,2.8481,-5.487812025,0.008450493254
spin_chain,64,energy,SLB M=64,2.91139,-5.490823757,0.008329877692
spin_chain,64,energy,SLB M=64,2.97468,-5.493641875,0.008136488954
spin_chain,64,energy,SLB M=64,3.03797,-5.496279775,0.007878863302
spin_chain,64,energy,SLB M=64,3.10127,-5.49875355,0.007564558315
spin_chain,64,energy,SLB M=64,3.16456,-5.501080922,0.007200772398
spin_chain,64,energy,SLB M=64,3.22785,-5.50328025,0.006795580436
spin_chain,64,energy,SLB M=64,3.29114,-5.505369598,0.006359389707
spin_chain,64,energy,SLB M=64,3.35443,-5.507365925,0.005906066468
spin_chain,64,energy,SLB M=64,3.41772,-5.509284498,0.005453295508
spin_chain,64,energy,SLB M=64,3.48101,-5.511138407,0.005021918657
spin_chain,64,energy,SLB M=64,3.5443,-5.512938372,0.004633913313
spin_chain,64,energy,SLB M=64,3.60759,-5.514692617,0.004309041956
spin_chain,64,energy,SLB M=64,3.67089,-5.516406965,0.004060534058
spin_chain,64,energy,SLB M=64,3.73418,-5.518085027,0.003891291427
spin_chain,64,energy,SLB M=64,3.79747,-5.519728533,0.003792790687
spin_chain,64,energy,SLB M=64,3.86076,-5.521337665,0.003747783807
spin_chain,64,energy,SLB M=64,3.92405,-5.522911525,0.003735529202
spin_chain,64,energy,SLB M=64,3.98734,-5.524448525,0.003736777553
spin_chain,64,energy,SLB M=64,4.05063,-5.525946832,0.003736898427
spin_chain,64,energy,SLB M=64,4.11392,-5.527404755,0.003726821668
spin_chain,64,energy,SLB M=64,4.17722,-5.528821075,0.003702821817
spin_chain,64,energy,SLB M=64,4.24051,-5.530195323,0.003665745244
spin_chain,64,energy,SLB M=64,4.3038,-5.531527937,0.003620294523
spin_chain,64,energy,SLB M=64,4.36709,-5.5328204,0.003574521112
spin_chain,64,energy,SLB M=64,4.43038,-5.534075195,0.003539421959
spin_chain,64,energy,SLB M=64,4.49367,-5.535295778,0.003528289974
spin_chain,64,energy,SLB M=64,4.55696,-5.536486388,0.003555438877
spin_chain,64,energy,SLB M=64,4.62025,-5.537651867,0.003634127345
spin_chain,64,energy,SLB M=64,4.68354,-5.53879739,0.003773934386
spin_chain,64,energy,SLB M=64,4.74684,-5.539928178,0.003978539927
spin_chain,64,energy,SLB M=64,4.81013,-5.54104926,0.004244918371
spin_chain,64,energy,SLB M=64,4.87342,-5.542165182,0.004564142783
spin_chain,64,energy,SLB M=64,4.93671,-5.543279808,0.004923173041
spin_chain,64,energy,SLB M=64,5,-5.544396133,0.005306805864
spin_chain,64,energy,SLB M=113,0,-5,0
spin_chain,64,energy,SLB M=113,0.0632911,-5.03277087,0.002060028503
spin_chain,64,energy,SLB M=113,0.126582,-5.062403235,0.004568409465
spin_chain,64,energy,SLB M=113,0.189873,-5.08922466,0.007343410884
spin_chain,64,energy,SLB M=113,0.253165,-5.113570755,0.01005346449
spin_chain,64,energy,SLB M=113,0.316456,-5.135776755,0.01237124339
spin_chain,64,energy,SLB M=113,0.379747,-5.15616788,0.0140424207
spin_chain,64,energy,SLB M=113,0.443038,-5.17504953,0.01491982584
spin_chain,64,energy,SLB M=113,0.506329,-5.192698145,0.01498027902
spin_chain,64,energy,SLB M=113,0.56962,-5.20935361,0.0143308829
spin_chain,64,energy,SLB M=113,0.632911,-5.22521372,0.01320798773
spin_chain,64,energy,SLB M=113,0.696203,-5.240431245,0.0119646787
spin_chain,64,energy,SLB M=113,0.759494,-5.255113665,0.01101598893
spin_chain,64,energy,SLB M=113,0.822785,-5.269325605,0.01068288727
spin_chain,64,energy,SLB M=113,0.886076,-5.283093605,0.01098522104
spin_chain,64,energy,SLB M=113,0.949367,-5.29641283,0.01163727971
spin_chain,64,energy,SLB M=113,1.01266,-5.309255102,0.01227071469
spin_chain,64,energy,SLB M=113,1.07595,-5.32157755,0.01260864344
spin_chain,64,energy,SLB M=113,1.13924,-5.333331285,0.01250619419
spin_chain,64,energy,SLB M=113,1.20253,-5.344469368,0.01193291136
spin_chain,64,energy,SLB M=113,1.26582,-5.354953612,0.01094619708
spin_chain,64,energy,SLB M=113,1.32911,-5.36475978,0.009668936021
spin_chain,64,energy,SLB M=113,1.39241,-5.373880843,0.008273749618
spin_chain,64,energy,SLB M=113,1.4557,-5.38232838,0.006972580957
spin_chain,64,energy,SLB M=113,1.51899,-5.390132027,0.005996969624
spin_chain,64,energy,SLB M=113,1.58228,-5.39733733,0.00552550608
spin_chain,64,energy,SLB M=113,1.64557,-5.40400234,0.005557854826
spin_chain,64,energy,SLB M=113,1.70886,-5.410193337,0.00590565911
spin_chain,64,energy,SLB M=113,1.77215,-5.415980208,0.006348315857
spin_chain,64,energy,SLB M=113,1.83544,-5.421431948,0.006740736037
spin_chain,64,energy,SLB M=113,1.89873,-5.426612595,0.007018134483
spin_chain,64,energy,SLB M=113,1.96203,-5.431578015,0.007170043252
spin_chain,64,energy,SLB M=113,2.02532,-5.436373657,0.007218407138
spin_chain,64,energy,SLB M=113,2.08861,-5.441033412,0.007203161402
spin_chain,64,energy,SLB M=113,2.1519,-5.44557953,0.007172299315
spin_chain,64,energy,SLB M=113,2.21519,-5.450023462,0.007173424382
spin_chain,64,energy,SLB M=113,2.27848,-5.454367465,0.007245420028
spin_chain,64,energy,SLB M=113,2.34177,-5.458606727,0.007410809203
spin_chain,64,energy,SLB M=113,2.40506,-5.462731723,0.007671447108
spin_chain,64,energy,SLB M=113,2.46835,-5.466730612,0.008009568644
spin_chain,64,energy,SLB M=113,2.53165,-5.47059143,0.008393606894
spin_chain,64,energy,SLB M=113,2.59494,-5.474303925,0.008785867612
spin_chain,64,energy,SLB M=113,2.65823,-5.4778609,0.009149151869
spin_chain,64,energy,SLB M=113,2.72152,-5.481259072,0.009451306871
spin_chain,64,energy,SLB M=113,2.78481,-5.484499375,0.00966773033
spin_chain,64,energy,SLB M=113,2.8481,-5.48758682,0.009782280209
spin_chain,64,energy,SLB M=113,2.91139,-5.490529943,0.009787190411
spin_chain,64,energy,SLB M=113,2.97468,-5.493340013,0.009682362017
spin_chain,64,energy,SLB M=113,3.03797,-5.496030023,0.009474209033
spin_chain,64,energy,SLB M=113,3.10127,-5.498613713,0.009174391387
spin_chain,64,energy,SLB M=113,3.16456,-5.501104585,0.0087984384
spin_chain,64,energy,SLB M=113,3.22785,-5.503515075,0.008364463636
spin_chain,64,energy,SLB M=113,3.29114,-5.505855927,0.007892023318
spin_chain,64,energy,SLB M=113,3.35443,-5.508135803,0.007401047894
spin_chain,64,energy,SLB M=113,3.41772,-5.510361065,0.006910916748
spin_chain,64,energy,SLB M=113,3.48101,-5.512535855,0.006439554922
spin_chain,64,energy,SLB M=113,3.5443,-5.514662262,0.006002554449
spin_chain,64,energy,SLB M=113,3.60759,-5.51674068,0.005612270151
spin_chain,64,energy,SLB M=113,3.67089,-5.518770225,0.005276979271
spin_chain,64,energy,SLB M=113,3.73418,-5.520749155,0.00500025674
spin_chain,64,energy,SLB M=113,3.79747,-5.52267533,0.004780860075
spin_chain,64,energy,SLB M=113,3.86076,-5.52454655,0.004613222872
spin_chain,64,energy,SLB M=113,3.92405,-5.52636088,0.004488565957
spin_chain,64,energy,SLB M=113,3.98734,-5.528116853,0.004396374637
spin_chain,64,energy,SLB M=113,4.05063,-5.529813605,0.004325796572
spin_chain,64,energy,SLB M=113,4.11392,-5.531450908,0.004266708227
spin_chain,64,energy,SLB M=113,4.17722,-5.533029175,0.004210402106
spin_chain,64,energy,SLB M=113,4.24051,-5.534549418,0.004149823471
spin_chain,64,energy,SLB M=113,4.3038,-5.536013145,0.004079647414
spin_chain,64,energy,SLB M=113,4.36709,-5.537422315,0.003996238763
spin_chain,64,energy,SLB M=113,4.43038,-5.53877925,0.003897557255
spin_chain,64,energy,SLB M=113,4.49367,-5.540086585,0.003783149135
spin_chain,64,energy,SLB M=113,4.55696,-5.541347245,0.003654170801
spin_chain,64,energy,SLB M=113,4.62025,-5.542564428,0.003513504535
spin_chain,64,energy,SLB M=113,4.68354,-5.54374158,0.003365925011
spin_chain,64,energy,SLB M=113,4.74684,-5.544882418,0.003218264759
spin_chain,64,energy,SLB M=113,4.81013,-5.545990895,0.003079496961
spin_chain,64,energy,SLB M=113,4.87342,-5.547071183,0.002960490125
spin_chain,64,energy,SLB M=113,4.93671,-5.548127602,0.002873110079
spin_chain,64,energy,SLB M=113,5,-5.549164572,0.002828476252
